,Количество комнат,Площадь,Этаж,Адрес,Цена в usd,Цена в kgs
0,2.0,56.26,11.0,"Бишкек,Горького-Алма-Атинская,Горького",50634.0,4350473.0
1,2.0,100.0,11.0,"Бишкек,9м-н,Суеркулова(бывшДонецкая)8/4/Тыныстанова",119000.0,10224480.0
2,1.0,42.0,1.0,"Бишкек,АЮGrand,ул.Анкара1/34",60000.0,5155200.0
3,3.0,102.57,12.0,"Бишкек,Горького-Алма-Атинская",92313.0,7931533.0
4,3.0,125.0,11.0,"Бишкек,Военторг,ТоголокМолдо135/Токтогула",205000.0,17613600.0
5,1.0,50.0,12.0,"Бишкек,Магистраль,Байтик-Баатыра/А.Токомбаева",62500.0,5370000.0
6,2.0,80.0,6.0,"Бишкек,Магистраль,Байтик-Баатыра/А.Токомбаева",90900.0,7810128.0
7,1.0,35.0,2.0,"Иссык-Кульскаяобласть,с.Кош-Коль",61000.0,5241120.0
8,1.0,33.0,5.0,"Иссык-Кульскаяобласть,Чолпон-Ата",59400.0,5103648.0
9,3.0,58.0,5.0,"Бишкек,Центральнаямечеть2",82000.0,7045440.0
10,2.0,56.26,11.0,"Бишкек,Горького-Алма-Атинская,Горького",50634.0,4350473.0
11,2.0,100.0,11.0,"Бишкек,9м-н,Суеркулова(бывшДонецкая)8/4/Тыныстанова",119000.0,10224480.0
12,1.0,42.0,1.0,"Бишкек,АЮGrand,ул.Анкара1/34",60000.0,5155200.0
13,3.0,102.57,12.0,"Бишкек,Горького-Алма-Атинская",92313.0,7931533.0
14,3.0,125.0,11.0,"Бишкек,Военторг,ТоголокМолдо135/Токтогула",205000.0,17613600.0
15,1.0,50.0,12.0,"Бишкек,Магистраль,Байтик-Баатыра/А.Токомбаева",62500.0,5370000.0
16,2.0,80.0,6.0,"Бишкек,Магистраль,Байтик-Баатыра/А.Токомбаева",90900.0,7810128.0
17,1.0,35.0,2.0,"Иссык-Кульскаяобласть,с.Кош-Коль",61000.0,5241120.0
18,1.0,33.0,5.0,"Иссык-Кульскаяобласть,Чолпон-Ата",59400.0,5103648.0
19,3.0,58.0,5.0,"Бишкек,Центральнаямечеть2",82000.0,7045440.0
20,2.0,56.26,11.0,"Бишкек,Кок-Жарж/м,ул.7Апреля/Молдокулова",50634.0,4350473.0
21,2.0,100.0,11.0,"Бишкек,Магистраль,БайтикБатыраКонтур5/Токомбаева",119000.0,10224480.0
22,1.0,42.0,1.0,"Бишкек,с.Кок-Джар,мкр.КокЖар",60000.0,5155200.0
23,3.0,102.57,12.0,"Бишкек,Джальскаябольница,Ахунбаева/Тыналиева",92313.0,7931533.0
24,3.0,125.0,11.0,"Бишкек,Джал-29м-н",205000.0,17613600.0
25,1.0,50.0,12.0,"Бишкек,Мед.академия,Абая62/Ахунбаева",62500.0,5370000.0
26,2.0,80.0,6.0,"Бишкек,МолодаяГвардия,Боконбаева249/МолодаяГвардия",90900.0,7810128.0
27,1.0,35.0,2.0,"Бишкек,Магистраль,БайтикБаатыра/Токомбаева",61000.0,5241120.0
28,1.0,33.0,5.0,"Бишкек,Ипподром126",59400.0,5103648.0
29,3.0,58.0,5.0,"Бишкек,Магистраль,просп.Мира82а/ЖусупаМамая",82000.0,7045440.0
30,2.0,56.26,11.0,"Бишкек,Военторг,Исанова71/Токтогула",50634.0,4350473.0
31,2.0,100.0,11.0,"Бишкек,Асанбайм-н13",119000.0,10224480.0
32,1.0,42.0,1.0,"Бишкек,Асанбайм-н,Куттубаева/Токомбаева",60000.0,5155200.0
33,3.0,102.57,12.0,"Бишкек,Магистраль,просп.ЧингизаАйтматова82/2/Масалиева",92313.0,7931533.0
34,3.0,125.0,11.0,"Бишкек,Политех,г.Бишкек,ул.Целинная21(районПолитех)",205000.0,17613600.0
35,1.0,50.0,12.0,"Бишкек,Магистраль,Дуйшеева8/Токомбаева",62500.0,5370000.0
36,2.0,80.0,6.0,"Бишкек,Юбилейка",90900.0,7810128.0
37,1.0,35.0,2.0,"Бишкек,7м-н,Сухэ-Батора/А.Токомбаева",61000.0,5241120.0
38,1.0,33.0,5.0,"Бишкек,Магистраль,ул.Советская/Магистраль",59400.0,5103648.0
39,3.0,58.0,5.0,"Бишкек,Асанбайм-н,Сухэ-Батора/Токомбаева",82000.0,7045440.0
40,2.0,56.26,11.0,"Бишкек,Магистраль",50634.0,4350473.0
41,2.0,100.0,11.0,"Бишкек,Магистраль",119000.0,10224480.0
42,1.0,42.0,1.0,"Бишкек,Золотойквадрат",60000.0,5155200.0
43,3.0,102.57,12.0,"Бишкек,Золотойквадрат",92313.0,7931533.0
44,3.0,125.0,11.0,"Бишкек,Магистраль",205000.0,17613600.0
45,1.0,50.0,12.0,"Бишкек,Магистраль",62500.0,5370000.0
46,2.0,80.0,6.0,"Бишкек,Моссовет",90900.0,7810128.0
47,1.0,35.0,2.0,"Бишкек,СкверТоголокМолдо,Чуйкова/Коёнкозова",61000.0,5241120.0
48,1.0,33.0,5.0,"Бишкек,Магистраль",59400.0,5103648.0
49,3.0,58.0,5.0,"Бишкек,Старыйаэропорт",82000.0,7045440.0
50,2.0,68.0,3.0,"Бишкек,Советская-Скрябина",101257.0,8700000.0
51,1.0,45.4,14.0,"Бишкек,Магистраль",55000.0,4725600.0
52,1.0,41.0,14.0,"Бишкек,Советская-Скрябина",42500.0,3651600.0
53,2.0,58.0,7.0,"Бишкек,Магистраль",82000.0,7045440.0
54,1.0,44.0,7.0,"Бишкек,Магистраль",66000.0,5670720.0
55,3.0,115.0,12.0,"Бишкек,10м-н",98000.0,8420160.0
56,2.0,46.0,1.0,"Бишкек,Магистраль,БайтикБаатыра/Токомбаева",59000.0,5069280.0
57,1.0,45.39,14.0,"Бишкек,Алматинка-Магистраль",53500.0,4596720.0
58,1.0,48.0,16.0,"Бишкек,Магистраль",36000.0,3093120.0
59,3.0,99.6,3.0,"Бишкек,Дворецспорта,Рыскулова79б",135000.0,11599200.0
60,2.0,56.26,11.0,"Бишкек,ПаркАтатюрк,Малдыбаева45",50634.0,4350473.0
61,2.0,100.0,11.0,"Иссык-Кульскаяобласть,с.Сары-Ой,Сары-Ой,ул.Нурдоолотата90а",119000.0,10224480.0
62,1.0,42.0,1.0,"Бишкек,Магистраль,пр-тЧ.Айтматова/А.Масалиева",60000.0,5155200.0
63,3.0,102.57,12.0,"Бишкек,Магистраль",92313.0,7931533.0
64,3.0,125.0,11.0,"Бишкек,Магистраль,Байтик-Баатыра/А.Токомбаева",205000.0,17613600.0
65,1.0,50.0,12.0,"Бишкек,Джал-23м-н(НижнийДжал)",62500.0,5370000.0
66,2.0,80.0,6.0,"Бишкек,Магистраль,ул.Куттубаева,15",90900.0,7810128.0
67,1.0,35.0,2.0,"Бишкек,Городокэнергетиков",61000.0,5241120.0
68,1.0,33.0,5.0,"Бишкек,Советская-Скрябина,Абая/Ахунбаева",59400.0,5103648.0
69,3.0,58.0,5.0,"Бишкек,Гагарина,ТимураФрунзе/Гагарина",82000.0,7045440.0
70,2.0,56.26,11.0,"Бишкек,Тунгучм-н",50634.0,4350473.0
71,2.0,100.0,11.0,"Бишкек,Горького-Алма-Атинская,Горького",119000.0,10224480.0
72,1.0,42.0,1.0,"Бишкек,Золотойквадрат,Московская/Панфилова",60000.0,5155200.0
73,3.0,102.57,12.0,"Бишкек,ПаркПанфилова/Спартак,Панфилова190/1",92313.0,7931533.0
74,3.0,125.0,11.0,"Бишкек,Гагарина",205000.0,17613600.0
75,1.0,50.0,12.0,"Бишкек,Московская-Белинка",62500.0,5370000.0
76,2.0,80.0,6.0,"Бишкек,7м-н,Сухэ-Батора/А.Токомбаева",90900.0,7810128.0
77,1.0,35.0,2.0,"Бишкек,7м-н",61000.0,5241120.0
78,1.0,33.0,5.0,"Бишкек,АЮGrand,ул.Анкар1/19",59400.0,5103648.0
79,3.0,58.0,5.0,"Бишкек,Политех,Ахунбаева169/1",82000.0,7045440.0
80,2.0,68.0,3.0,"Бишкек,7м-н,Сухэ-Батора/А.Токомбаева",101257.0,8700000.0
81,1.0,45.4,14.0,"Бишкек,7м-н",55000.0,4725600.0
82,1.0,41.0,14.0,"Бишкек,АЮGrand,ул.Анкар1/19",42500.0,3651600.0
83,2.0,58.0,7.0,"Бишкек,Политех,Ахунбаева169/1",82000.0,7045440.0
84,1.0,44.0,7.0,"Бишкек,Гагарина,Джал,ул.Курчатова81",66000.0,5670720.0
85,3.0,115.0,12.0,"Бишкек,Магистраль,ул.А.Малдыбаева277(пер.ул.А.Масалиева)",98000.0,8420160.0
86,2.0,46.0,1.0,"Бишкек,Магистраль,Бакаева/Ю.Магистраль",59000.0,5069280.0
87,1.0,45.39,14.0,"Бишкек,Советская-Скрябина,Абая/Ахунбаева",53500.0,4596720.0
88,1.0,48.0,16.0,"Бишкек,Магистраль,Малдыбаева279/Юж.Магистраль",36000.0,3093120.0
89,3.0,99.6,3.0,"Бишкек,Бишкек-Парк,Токтогула/Исанова",135000.0,11599200.0
90,3.0,93.0,7.0,"Бишкек,Магистраль,Куттубаева/ЮжнаяМагистраль",159000.0,13661280.0
91,4.0,81.8,4.0,"Бишкек,Московская-Уметалиева,Боконбаева204/Уметалиева",119990.0,10309541.0
92,3.0,121.0,5.0,"Бишкек,с.Кок-Джар,мкр.КокЖар",172000.0,14778240.0
93,4.0,145.0,3.0,"Бишкек,Магистраль,АалыТокомбаева",205000.0,17613600.0
94,2.0,70.0,6.0,"Бишкек,Военторг,ТоголокМолдо/Токтогула",119000.0,10224480.0
95,3.0,152.0,13.0,"Бишкек,с.Кок-Джар,мкр.КокЖар",220000.0,18902400.0
96,1.0,43.0,11.0,"Бишкек,Филармония",68000.0,5842560.0
97,3.0,120.0,1.0,"Бишкек,Горького-Алма-Атинская,Горького/Алматинка",138000.0,11856960.0
98,3.0,132.0,13.0,"Бишкек,Кок-Жарж/м,Ахунбаева/Молдокулова",165000.0,14176800.0
99,4.0,120.0,8.0,"Бишкек,КНУ,Уметалиева/Жумабека",245000.0,21050400.0
100,2.0,56.26,11.0,"Бишкек,Золотойквадрат,Орозбекова/Чокморова",50634.0,4350473.0
101,2.0,100.0,11.0,"Бишкек,Дворецспорта",119000.0,10224480.0
102,1.0,42.0,1.0,"Бишкек,ВерхнийДжалм-н,Тыналиева7/Тыналиева1а",60000.0,5155200.0
103,3.0,102.57,12.0,"Бишкек,Кок-Жарж/м,Ахунбаева/Куйручук",92313.0,7931533.0
104,3.0,125.0,11.0,"Бишкек,Восток-5м-н,Кийизбаева",205000.0,17613600.0
105,1.0,50.0,12.0,"Бишкек,Старыйаэропорт",62500.0,5370000.0
106,2.0,80.0,6.0,"Бишкек,Магистраль,ул.Токомбаева/Куттубаева",90900.0,7810128.0
107,1.0,35.0,2.0,"Бишкек,Магистраль,ул.Токомбаева/Куттубаева",61000.0,5241120.0
108,1.0,33.0,5.0,"Бишкек,Чуй-Алматинка,Чуй/Картинка",59400.0,5103648.0
109,3.0,58.0,5.0,"Бишкек,Магистраль,пр-тЧ.Айтматова/А.Масалиева",82000.0,7045440.0
110,2.0,56.26,11.0,"Бишкек,Магистраль,А.Токомбаева/А.Куттубаева",50634.0,4350473.0
111,2.0,100.0,11.0,"Бишкек,Советская-Скрябина,Медерова44/2/Жукеева-Пудовкина",119000.0,10224480.0
112,1.0,42.0,1.0,"Бишкек,с.Кок-Джар,мкр.КокЖар",60000.0,5155200.0
113,3.0,102.57,12.0,"Бишкек,Киргизия1ж/м",92313.0,7931533.0
114,3.0,125.0,11.0,"Бишкек,АкКеме,Джунусалиева/АжыбекБаатыра",205000.0,17613600.0
115,1.0,50.0,12.0,"Бишкек,Алматинка-Магистраль,12мкр,ул.А.Токомбаева/СаякбайКаралаев",62500.0,5370000.0
116,2.0,80.0,6.0,"Бишкек,Джал-29м-н,Садырбаева258а",90900.0,7810128.0
117,1.0,35.0,2.0,"Бишкек,СреднийДжалм-н,Тыналиева1/3",61000.0,5241120.0
118,1.0,33.0,5.0,"Бишкек,с.Кок-Джар,с.Кок-Жар,ул.КонкурОсмона",59400.0,5103648.0
119,3.0,58.0,5.0,"Бишкек,Баха,Коперника",82000.0,7045440.0
120,2.0,68.0,3.0,"Бишкек,АкКеме,Джунусалиева/АжыбекБаатыра",101257.0,8700000.0
121,1.0,45.4,14.0,"Бишкек,Бишкек-Парк",55000.0,4725600.0
122,1.0,41.0,14.0,"Бишкек,ДордойПлаза",42500.0,3651600.0
123,2.0,58.0,7.0,"Бишкек,12м-н",82000.0,7045440.0
124,1.0,44.0,7.0,"Бишкек,Магистраль,ЮжнаяМагистраль/Малдыбаева",66000.0,5670720.0
125,3.0,115.0,12.0,"Бишкек,8м-н,ЖПудовкина",98000.0,8420160.0
126,2.0,46.0,1.0,"Бишкек,Джальскаябольница,ул.Айни73",59000.0,5069280.0
127,1.0,45.39,14.0,"Бишкек,с.Кок-Джар,с.Кок-Жар,ул.КонурОсмона",53500.0,4596720.0
128,1.0,48.0,16.0,"Бишкек,Джал15м-н,Ахунбаева/Тыналиева",36000.0,3093120.0
129,3.0,99.6,3.0,"Бишкек,5м-н,Каралаева",135000.0,11599200.0
130,3.0,93.0,7.0,"Бишкек,ЦУМ,Киевская/Тыныстанова",159000.0,13661280.0
131,4.0,81.8,4.0,"Бишкек,Джальскаябольница,Ахунбаева-Тыналиева",119990.0,10309541.0
132,3.0,121.0,5.0,"Бишкек,VEFA",172000.0,14778240.0
133,4.0,145.0,3.0,"Бишкек,Золотойквадрат",205000.0,17613600.0
134,2.0,70.0,6.0,"Бишкек,Магистраль,Куттубаева/ЮжнаяМагистраль",119000.0,10224480.0
135,3.0,152.0,13.0,"Бишкек,Кок-Жарж/м,7Апреля27/1",220000.0,18902400.0
136,1.0,43.0,11.0,"Бишкек,Джал15м-н",68000.0,5842560.0
137,3.0,120.0,1.0,"Бишкек,Аламедин-1м-н",138000.0,11856960.0
138,3.0,132.0,13.0,"Бишкек,Магистраль",165000.0,14176800.0
139,4.0,120.0,8.0,"Бишкек,ЦУМ,Киевская/Тыныстанова",245000.0,21050400.0
140,2.0,78.0,15.0,"Бишкек,АкКеме,Джунусалиева/АжыбекБаатыра",113100.0,9717552.0
141,2.0,103.0,8.0,"Бишкек,Магистраль,Тыналиева34/4/Магистраль",108150.0,9292248.0
142,4.0,164.0,4.0,"Бишкек,7м-н",320000.0,27494400.0
143,4.0,164.0,4.0,"Бишкек,Горького-Алма-Атинская,Горького-7-апреля",320000.0,27494400.0
144,3.0,122.0,4.0,"Бишкек,Магистраль,Южнаямагистраль43б/Бакаева",131760.0,11320819.0
145,2.0,80.0,5.0,"Бишкек,Магистраль",127000.0,10911840.0
146,3.0,87.0,2.0,"Бишкек,с.Кок-Джар",140000.0,12028800.0
147,2.0,49.0,3.0,"Бишкек,НижнийТокольдош,ул.Кийизбаева/Передовая(мкрн.""Восток-5"")",79000.0,6787680.0
148,2.0,44.0,8.0,"Бишкек,Старыйаэропорт,АжыбекБаатырастр.2/1-2",77000.0,6615840.0
149,4.0,157.0,10.0,"Бишкек,Магистраль,БайтикБаатыра(недалекоотЮжныхворот)",164693.0,14150423.0
150,2.0,56.26,11.0,"Бишкек,Джал-23м-н(НижнийДжал),Ахунбаева/Баха",50634.0,4350473.0
151,2.0,100.0,11.0,"Бишкек,Магистраль,Байтик-Баатыра/А.Токомбаева",119000.0,10224480.0
152,1.0,42.0,1.0,"Бишкек,с.Кок-Джар,с.Кок-Жар,ул.КонурОсмона",60000.0,5155200.0
153,3.0,102.57,12.0,"Бишкек,Магистраль,ул.А.Малдыбаева277(пер.ул.А.Масалиева)",92313.0,7931533.0
154,3.0,125.0,11.0,"Бишкек,АЮGrand,ул.Анкар1/19",205000.0,17613600.0
155,1.0,50.0,12.0,"Бишкек,Магистраль,Токомбаеваюжмагистраль/Советская",62500.0,5370000.0
156,2.0,80.0,6.0,"Бишкек,Магистраль,ул.А.Малдыбаева277(пер.ул.А.Масалиева)",90900.0,7810128.0
157,1.0,35.0,2.0,"Бишкек,Магистраль,Байтик-Баатыра/А.Токомбаева",61000.0,5241120.0
158,1.0,33.0,5.0,"Бишкек,Магистраль,пр.Ч.Айтматова82/2",59400.0,5103648.0
159,3.0,58.0,5.0,"Бишкек,Магистраль,Магистраль/Ч.Айтматова",82000.0,7045440.0
160,2.0,56.26,11.0,"Бишкек,Магистраль,ул.А.Малдыбаева277(пер.ул.А.Масалиева)",50634.0,4350473.0
161,2.0,100.0,11.0,"Бишкек,Джал15м-н,Ахунбаева/Тыналиева",119000.0,10224480.0
162,1.0,42.0,1.0,"Бишкек,АкадемияНаук,Турусбекова/Рыскулова",60000.0,5155200.0
163,3.0,102.57,12.0,"Бишкек,Магистраль,Байтик-Баатыра/А.Токомбаева",92313.0,7931533.0
164,3.0,125.0,11.0,"Бишкек,АзияМолл,Ч.Айтматова(пр.Мира)36",205000.0,17613600.0
165,1.0,50.0,12.0,"Бишкек,Кок-Жарж/м",62500.0,5370000.0
166,2.0,80.0,6.0,"Бишкек,Московская-Белинка,Турусбекова/Московская",90900.0,7810128.0
167,1.0,35.0,2.0,"Бишкек,Магистраль,СухеБатора/ЮжнаяМагистраль",61000.0,5241120.0
168,1.0,33.0,5.0,"Бишкек,Магистраль,Сухабатора/А.Токомбаевамагистраль",59400.0,5103648.0
169,3.0,58.0,5.0,"Бишкек,АЮGrand,ул.Анкар1/19",82000.0,7045440.0
170,2.0,68.0,3.0,"Бишкек,с.Кок-Джар,Сейте-ка",101257.0,8700000.0
171,1.0,45.4,14.0,"Бишкек,Госрегистр,Л.Толстогоипр.ЧынгызаАйтматова",55000.0,4725600.0
172,1.0,41.0,14.0,"Бишкек,Магистраль,ДУЙШЕЕВА/МОЛДОБАСАНОВА(НАПРОТИВШК.ГАЗПРОМ)",42500.0,3651600.0
173,2.0,58.0,7.0,"Бишкек,Магистраль,Б.Баатыра/А.Токомбаева",82000.0,7045440.0
174,1.0,44.0,7.0,"Бишкек,Джальскаябольница,Тыналиева2/21",66000.0,5670720.0
175,3.0,115.0,12.0,"Бишкек,Магистраль,Сухэ-Батора/Токомбаева",98000.0,8420160.0
176,2.0,46.0,1.0,"Бишкек,Магистраль,Токомбаева-Сухэ-батора",59000.0,5069280.0
177,1.0,45.39,14.0,"Бишкек,Магистраль,Куттубаева/Южн.Магистраль",53500.0,4596720.0
178,1.0,48.0,16.0,"Бишкек,Баха,Курчатова",36000.0,3093120.0
179,3.0,99.6,3.0,"Иссык-Кульскаяобласть,Чолпон-Ата1",135000.0,11599200.0
180,3.0,93.0,7.0,"Бишкек,Госрегистр,Л.Толстогоипр.ЧынгызаАйтматова",159000.0,13661280.0
181,4.0,81.8,4.0,"Бишкек,Магистраль,Токомбаева-Сухэ-батора",119990.0,10309541.0
182,3.0,121.0,5.0,"Бишкек,Арча-Бешикж/м",172000.0,14778240.0
183,4.0,145.0,3.0,"Бишкек,Магистраль,СухеБатора/ЮжнаяМагистраль",205000.0,17613600.0
184,2.0,70.0,6.0,"Бишкек,Магистраль,Сухэ-Батора/Токомбаева",119000.0,10224480.0
185,3.0,152.0,13.0,"Бишкек,СреднийДжалм-н7",220000.0,18902400.0
186,1.0,43.0,11.0,"Бишкек,Магистраль,СухэБатора/ЮжнаяМагистраль",68000.0,5842560.0
187,3.0,120.0,1.0,"Бишкек,Магистраль,Токомбаева-Сухэ-батора",138000.0,11856960.0
188,3.0,132.0,13.0,"Бишкек,Арча-Бешикж/м,ул.Баха/ЮжнаяМагистраль",165000.0,14176800.0
189,4.0,120.0,8.0,"Бишкек,Восток-5м-н14/2",245000.0,21050400.0
190,2.0,78.0,15.0,"Бишкек,Магистраль,ул.Малдыбаева,261",113100.0,9717552.0
191,2.0,103.0,8.0,"Бишкек,Магистраль,Токомбаева-Сухэ-батора",108150.0,9292248.0
192,4.0,164.0,4.0,"Бишкек,Магистраль,пр.Ч.Айтматова82/2",320000.0,27494400.0
193,4.0,164.0,4.0,"Бишкек,Магистраль,СухеБатора/ЮжнаяМагистраль",320000.0,27494400.0
194,3.0,122.0,4.0,"Бишкек,Магистраль,СухеБатора/ЮжнаяМагистраль",131760.0,11320819.0
195,2.0,80.0,5.0,"Бишкек,Госрегистр,Л.Толстогоипр.ЧынгызаАйтматова",127000.0,10911840.0
196,3.0,87.0,2.0,"Бишкек,Магистраль,Ч.Айтматова/Магистраль",140000.0,12028800.0
197,2.0,49.0,3.0,"Бишкек,Пишпекж/м,ул.ЛьваТолстого-Крылова",79000.0,6787680.0
198,2.0,44.0,8.0,"Бишкек,Магистраль,просп.Айтматова/ул.Масалиева",77000.0,6615840.0
199,4.0,157.0,10.0,"Бишкек,Восток-5м-н",164693.0,14150423.0
200,2.0,65.0,12.0,"Бишкек,Пишпекж/м,ул.ЛьваТолстого-Крылова",72000.0,6186240.0
201,3.0,144.0,8.0,"Бишкек,Джальскаябольница,Ахунбаева-Тыналиева",115200.0,9897984.0
202,2.0,78.0,8.0,"Бишкек,Магистраль,Б.Баатыра/А.Токомбаева",111000.0,9537120.0
203,2.0,103.0,10.0,"Бишкек,Магистраль,ул.Малдыбаева,261",113300.0,9734736.0
204,2.0,68.0,13.0,"Бишкек,Магистраль,ДУЙШЕЕВА/МОЛДОБАСАНОВА(НАПРОТИВШК.ГАЗПРОМ)",74120.0,6368390.0
205,3.0,126.0,9.0,"Бишкек,Джальскаябольница,Ахунбаева-Тыналиева",207900.0,17862768.0
206,1.0,45.0,15.0,"Бишкек,Магистраль,СухэБатора/Токомбаева",50500.0,4338960.0
207,1.0,47.0,8.0,"Бишкек,Магистраль,Куттубаева/Южн.Магистраль",61500.0,5284080.0
208,3.0,152.0,3.0,"Бишкек,Юбилейка,ЛьваТолстого/Тыныстанова",243200.0,20895744.0
209,2.0,57.0,9.0,"Бишкек,Магистраль,ДУЙШЕЕВА/МОЛДОБАСАНОВА(НАПРОТИВШК.ГАЗПРОМ)",117000.0,10052640.0
210,2.0,56.26,11.0,"Бишкек,Магистраль,Байтик-Баатыра/А.Токомбаева",50634.0,4350473.0
211,2.0,100.0,11.0,"Бишкек,АкЭмиррынок",119000.0,10224480.0
212,1.0,42.0,1.0,"Бишкек,Магистраль,СухеБатора/ЮжнаяМагистраль",60000.0,5155200.0
213,3.0,102.57,12.0,"Бишкек,Юбилейка,ЛьваТолстого/Тыныстанова",92313.0,7931533.0
214,3.0,125.0,11.0,"Бишкек,Магистраль,просп.ЧингизаАйтматова82/2/Масалиева",205000.0,17613600.0
215,1.0,50.0,12.0,"Бишкек,Джал15м-н",62500.0,5370000.0
216,2.0,80.0,6.0,"Бишкек,Баха,Курчатова/Ахунбаева",90900.0,7810128.0
217,1.0,35.0,2.0,"Бишкек,Магистраль,СухеБатора/ЮжнаяМагистраль",61000.0,5241120.0
218,1.0,33.0,5.0,"Бишкек,АкКеме,Джунусалиева/АжыбекБаатыра",59400.0,5103648.0
219,3.0,58.0,5.0,"Бишкек,Магистраль,Куттубаева/Южн.Магистраль",82000.0,7045440.0
220,2.0,56.26,11.0,"Бишкек,Уланм-н",50634.0,4350473.0
221,2.0,100.0,11.0,"Бишкек,Магистраль,Байтик-Баатыра/А.Токомбаева",119000.0,10224480.0
222,1.0,42.0,1.0,"Бишкек,Джальскаябольница,Ахунбаева-Тыналиева",60000.0,5155200.0
223,3.0,102.57,12.0,"Бишкек,Магистраль,СухеБатора/ЮжнаяМагистраль",92313.0,7931533.0
224,3.0,125.0,11.0,"Бишкек,Магистраль,Байтик-Баатыра/А.Токомбаева",205000.0,17613600.0
225,1.0,50.0,12.0,"Бишкек,Золотойквадрат,ТоголокМолдо/Московская",62500.0,5370000.0
226,2.0,80.0,6.0,"Бишкек,Баха",90900.0,7810128.0
227,1.0,35.0,2.0,"Бишкек,Джальскаябольница,Ахунбаева-Тыналиева",61000.0,5241120.0
228,1.0,33.0,5.0,"Бишкек,КНУ,Фрунзе571/Уметалиева",59400.0,5103648.0
229,3.0,58.0,5.0,"Бишкек,Арча-Бешикж/м,ул.Баха/ЮжнаяМагистраль",82000.0,7045440.0
230,2.0,68.0,3.0,"Бишкек,Джальскаябольница,Ахунбаева-Тыналиева",101257.0,8700000.0
231,1.0,45.4,14.0,"Бишкек,Центральнаямечеть,Ибраимова/Боконбаева",55000.0,4725600.0
232,1.0,41.0,14.0,"Бишкек,КарлаМаркса",42500.0,3651600.0
233,2.0,58.0,7.0,"Бишкек,Тунгучм-н",82000.0,7045440.0
234,1.0,44.0,7.0,"Бишкек,СкверТоголокМолдо,Логвиненко/Чуйкова",66000.0,5670720.0
235,3.0,115.0,12.0,"Бишкек,Магистраль,Байтик-Баатыра/А.Токомбаева",98000.0,8420160.0
236,2.0,46.0,1.0,"Бишкек,Ошскийрынок,Рыскулова110",59000.0,5069280.0
237,1.0,45.39,14.0,"Бишкек,АкКеме,Джунусалиева/АжыбекБаатыра",53500.0,4596720.0
238,1.0,48.0,16.0,"Бишкек,Магистраль,Б.БаатыраА/А.Токомбаева",36000.0,3093120.0
239,3.0,99.6,3.0,"Бишкек,Госрегистр,Л.Толстогоипр.ЧынгызаАйтматова",135000.0,11599200.0
240,3.0,93.0,7.0,"Бишкек,Магистраль,Байтик-Баатыра/А.Токомбаева",159000.0,13661280.0
241,4.0,81.8,4.0,"Бишкек,Джальскаябольница,Айни73/Островского",119990.0,10309541.0
242,3.0,121.0,5.0,"Бишкек,АкКеме,Джунусалиева/АжыбекБаатыра",172000.0,14778240.0
243,4.0,145.0,3.0,"Бишкек,Магистраль",205000.0,17613600.0
244,2.0,70.0,6.0,"Бишкек,Магистраль,АалыТокомбаева",119000.0,10224480.0
245,3.0,152.0,13.0,"Бишкек,Магистраль,БайтикБаатыра1А/Юж.Магистраль",220000.0,18902400.0
246,1.0,43.0,11.0,"Бишкек,Магистраль,Токомбаева-Сухэ-батора",68000.0,5842560.0
247,3.0,120.0,1.0,"Бишкек,АкКеме,Джунусалиева/АжыбекБаатыра",138000.0,11856960.0
248,3.0,132.0,13.0,"Бишкек,с.Кок-Джар,с.Кок-Жар,ул.КонкурОсмона",165000.0,14176800.0
249,4.0,120.0,8.0,"Бишкек,Магистраль,ул.Малдыбаева,261",245000.0,21050400.0
250,2.0,78.0,15.0,"Бишкек,Пишпекж/м,ул.ЛьваТолстого-Крылова",113100.0,9717552.0
251,2.0,103.0,8.0,"Бишкек,Магистраль,Сухэ-Батора/Токомбаева",108150.0,9292248.0
252,4.0,164.0,4.0,"Бишкек,Политех",320000.0,27494400.0
253,4.0,164.0,4.0,"Бишкек,Магистраль,БайтикБаатыра/Токомбаева",320000.0,27494400.0
254,3.0,122.0,4.0,"Бишкек,Московская-Уметалиева,Боконбаева-Тимирязева.",131760.0,11320819.0
255,2.0,80.0,5.0,"Бишкек,АЮGrand,ул.Анкар1/19",127000.0,10911840.0
256,3.0,87.0,2.0,"Бишкек,VEFA,Кулатова/Элебаева",140000.0,12028800.0
257,2.0,49.0,3.0,"Бишкек,Горького-Алма-Атинская,Горького",79000.0,6787680.0
258,2.0,44.0,8.0,"Бишкек,Вечерка,Абдрахманова/Туголбай-Ата",77000.0,6615840.0
259,4.0,157.0,10.0,"Бишкек,Магистраль,БайтикБаатыра/Южнаямагистраль",164693.0,14150423.0
260,2.0,65.0,12.0,"Бишкек,ДенСяопина-Фучика,Фучика38/2/Рыскулова",72000.0,6186240.0
261,3.0,144.0,8.0,"Бишкек,Магистраль,Байтик-Баатыра/А.Токомбаева",115200.0,9897984.0
262,2.0,78.0,8.0,"Бишкек,Магистраль,ул.Куттубаева,15",111000.0,9537120.0
263,2.0,103.0,10.0,"Бишкек,Магистраль,Куттубаева/Южн.Магистраль",113300.0,9734736.0
264,2.0,68.0,13.0,"Бишкек,Карпинка,Суюнбаева123/5",74120.0,6368390.0
265,3.0,126.0,9.0,"Бишкек,Орозбекова-Жибек-Жолу,Панфилова/ЖибекЖолу",207900.0,17862768.0
266,1.0,45.0,15.0,"Бишкек,Магистраль,пр.Ч.Айтматова",50500.0,4338960.0
267,1.0,47.0,8.0,"Бишкек,Магистраль,БайтикБаатыра(недалекоотЮжныхворот)",61500.0,5284080.0
268,3.0,152.0,3.0,"Бишкек,Лущихина-ЛьваТолстого,лущихина95/3",243200.0,20895744.0
269,2.0,57.0,9.0,"Бишкек,Московская-Уметалиева,Боконбаева-Уметалиева8",117000.0,10052640.0
271,2.0,78.0,1.0,"Бишкек,Магистраль,пр.Ч.Айтматова",140000.0,12028800.0
272,4.0,181.0,9.0,"Бишкек,Магистраль,БайтикБаатыра(недалекоотЮжныхворот)",217200.0,18661824.0
273,2.0,103.0,8.0,"Бишкек,Лущихина-ЛьваТолстого,лущихина95/3",103000.0,8849760.0
274,3.0,107.0,8.0,"Бишкек,Московская-Уметалиева,Боконбаева-Уметалиева8",112350.0,9653112.0
275,2.0,68.0,6.0,"Бишкек,Магистраль,Магистраль/СухэБатора",88000.0,7560960.0
276,2.0,73.0,4.0,"Бишкек,Магистраль,БайтикБаатыра(недалекоотЮжныхворот)",69000.0,5928480.0
277,2.0,50.0,5.0,"Бишкек,Магистраль,Б.Баатыра/А.Токомбаева",62000.0,5327040.0
278,2.0,56.29,4.0,"Бишкек,Филармония,Чуй/Турусбекова",69500.0,5971440.0
279,1.0,37.0,8.0,"Бишкек,VEFA,Кулатова/Элебаева",53000.0,4553760.0
280,2.0,56.26,11.0,"Бишкек,Магистраль,Б.Баатыра/А.Токомбаева",50634.0,4350473.0
281,2.0,100.0,11.0,"Бишкек,СреднийДжалм-н,Тыналиева1/3",119000.0,10224480.0
282,1.0,42.0,1.0,"Бишкек,Магистраль,Куттубаева/ЮжнаяМагистраль",60000.0,5155200.0
283,3.0,102.57,12.0,"Бишкек,6м-н",92313.0,7931533.0
284,3.0,125.0,11.0,"Бишкек,ВерхнийДжалм-н,мкрнДжал-2945/2",205000.0,17613600.0
285,1.0,50.0,12.0,"Бишкек,Кок-Жарж/м",62500.0,5370000.0
286,2.0,80.0,6.0,"Бишкек,Джал15м-н,Ахунбаева/Тыналиева",90900.0,7810128.0
287,1.0,35.0,2.0,"Бишкек,Тунгучм-н",61000.0,5241120.0
288,1.0,33.0,5.0,"Бишкек,Западныйавтовокзал,Фучика/Рыскулова",59400.0,5103648.0
289,3.0,58.0,5.0,"Бишкек,Московская-Уметалиева",82000.0,7045440.0
290,2.0,56.26,11.0,"Бишкек,Магистраль,СухеБатора/ЮжнаяМагистраль",50634.0,4350473.0
291,2.0,100.0,11.0,"Бишкек,Старыйаэропорт,АжыбекБаатырастр.2/1-2",119000.0,10224480.0
292,1.0,42.0,1.0,"Бишкек,11м-н",60000.0,5155200.0
293,3.0,102.57,12.0,"Бишкек,Гагарина,Джал,ул.Курчатова81",92313.0,7931533.0
294,3.0,125.0,11.0,"Бишкек,10м-н",205000.0,17613600.0
295,1.0,50.0,12.0,"Нарынскаяобласть,Нарын,Пудавкина7/Раззакова",62500.0,5370000.0
296,2.0,80.0,6.0,"Бишкек,5м-н",90900.0,7810128.0
297,1.0,35.0,2.0,"Бишкек,Кара-Жыгачж/м,Куйручук",61000.0,5241120.0
298,1.0,33.0,5.0,"Бишкек,Магистраль,ул.Токомбаева/Куттубаева",59400.0,5103648.0
299,3.0,58.0,5.0,"Бишкек,Кок-Жарм-н",82000.0,7045440.0
300,2.0,68.0,3.0,"Бишкек,Госрегистр,мкрн.Улан(БотСад)",101257.0,8700000.0
301,1.0,45.4,14.0,"Бишкек,ВерхнийДжалм-н",55000.0,4725600.0
302,1.0,41.0,14.0,"Бишкек,Магистраль,Токомбаева29",42500.0,3651600.0
303,2.0,58.0,7.0,"Бишкек,Магистраль,Байтик-Баатыра/А.Токомбаева",82000.0,7045440.0
304,1.0,44.0,7.0,"Бишкек,Магистраль,СухеБатора/ЮжнаяМагистраль",66000.0,5670720.0
305,3.0,115.0,12.0,"Бишкек,Пишпекж/м,Адышева/Фруктовая",98000.0,8420160.0
306,2.0,46.0,1.0,"Бишкек,Магистраль,Асанбай,Сухэ-Батора",59000.0,5069280.0
307,1.0,45.39,14.0,"Бишкек,Магистраль,АалыТокомбаева",53500.0,4596720.0
308,1.0,48.0,16.0,"Бишкек,Магистраль,Малдыбаева279а",36000.0,3093120.0
309,3.0,99.6,3.0,"Бишкек,Магистраль,АалыТокомбаева",135000.0,11599200.0
310,3.0,93.0,7.0,"Бишкек,ВерхнийДжалм-н",159000.0,13661280.0
311,4.0,81.8,4.0,"Бишкек,Джальскаябольница,Ахунбаева186",119990.0,10309541.0
312,3.0,121.0,5.0,"Бишкек,Баха",172000.0,14778240.0
313,4.0,145.0,3.0,"Бишкек,Гагарина,Джал,ул.Курчатова81",205000.0,17613600.0
314,2.0,70.0,6.0,"Бишкек,Советская-Скрябина,Байтик-Баатыра7Б/Скрябина",119000.0,10224480.0
315,3.0,152.0,13.0,"Бишкек,Джал-29м-н,Джал-29,ул.Баха258Б",220000.0,18902400.0
316,1.0,43.0,11.0,"Бишкек,Магистраль",68000.0,5842560.0
317,3.0,120.0,1.0,"Бишкек,Джальскаябольница,Ахунбаева/Тыналиева",138000.0,11856960.0
318,3.0,132.0,13.0,"Бишкек,Московская-Уметалиева",165000.0,14176800.0
319,4.0,120.0,8.0,"Бишкек,Юг-2м-н,Льватолстого",245000.0,21050400.0
320,2.0,78.0,15.0,"Бишкек,АЮGrand,ул.Анкар1/19",113100.0,9717552.0
321,2.0,103.0,8.0,"Бишкек,Магистраль",108150.0,9292248.0
322,4.0,164.0,4.0,"Бишкек,Магистраль,СухеБатора/ЮжнаяМагистраль",320000.0,27494400.0
323,4.0,164.0,4.0,"Бишкек,Политех,Айтматова",320000.0,27494400.0
324,3.0,122.0,4.0,"Бишкек,Ортосайскийрынок",131760.0,11320819.0
325,2.0,80.0,5.0,"Бишкек,Магистраль,СухеБатора/ЮжнаяМагистраль",127000.0,10911840.0
326,3.0,87.0,2.0,"Бишкек,Магистраль,Асанбай,Сухэ-Батора",140000.0,12028800.0
327,2.0,49.0,3.0,"Бишкек,Асанбайм-н",79000.0,6787680.0
328,2.0,44.0,8.0,"Бишкек,Кызыл-Аскерж/м",77000.0,6615840.0
329,4.0,157.0,10.0,"Бишкек,Магистраль",164693.0,14150423.0
330,2.0,65.0,12.0,"Бишкек,МолодаяГвардия,калыкакиева/Киев",72000.0,6186240.0
331,3.0,144.0,8.0,"Бишкек,Магистраль,ул.Токомбаева/Куттубаева/Магистраль",115200.0,9897984.0
332,2.0,78.0,8.0,"Бишкек,Магистраль,Куттубаева/Южн.Магистраль",111000.0,9537120.0
333,2.0,103.0,10.0,"Бишкек,Ипподром,Гагарина139/Баха",113300.0,9734736.0
334,2.0,68.0,13.0,"Бишкек,Магистраль,Байтик-Баатыра/А.Токомбаева",74120.0,6368390.0
335,3.0,126.0,9.0,"Бишкек,Магистраль,Байтик-Баатыра/А.Токомбаева",207900.0,17862768.0
336,1.0,45.0,15.0,"Бишкек,Карпинка",50500.0,4338960.0
337,1.0,47.0,8.0,"Бишкек,Магистраль,Ч.Айтматова/Масалиева",61500.0,5284080.0
338,3.0,152.0,3.0,"Бишкек,Магистраль,Байтик-Баатыра/А.Токомбаева",243200.0,20895744.0
339,2.0,57.0,9.0,"Бишкек,Магистраль",117000.0,10052640.0
341,2.0,78.0,1.0,"Бишкек,Гагарина,абая/ахунбаев",140000.0,12028800.0
342,4.0,181.0,9.0,"Бишкек,Магистраль,Байтик-Баатыра/А.Токомбаева",217200.0,18661824.0
343,2.0,103.0,8.0,"Бишкек,Советская-Скрябина,Абая/Ахунбаева",103000.0,8849760.0
344,3.0,107.0,8.0,"Бишкек,6м-н",112350.0,9653112.0
345,2.0,68.0,6.0,"Бишкек,АУЦА,напротивмкрн.Асанбай",88000.0,7560960.0
346,2.0,73.0,4.0,"Бишкек,Джальскаябольница,Ахунбаева/Тыналиева",69000.0,5928480.0
347,2.0,50.0,5.0,"Бишкек,Моссовет,Токтоналиева54",62000.0,5327040.0
348,2.0,56.29,4.0,"Бишкек,Джальскаябольница,Ахунбаева-Тыналиева",69500.0,5971440.0
349,1.0,37.0,8.0,"Бишкек,Учкунм-н",53000.0,4553760.0
350,3.0,70.0,5.0,"Бишкек,Магистраль,СухэБатора/ЮжнаяМагистраль",93000.0,7990560.0
351,2.0,70.0,4.0,"Бишкек,Магистраль,просп.Айтматова/ул.Масалиева",93000.0,7990560.0
352,2.0,50.0,5.0,"Бишкек,Матросова,Суванбердиева110",79000.0,6787680.0
353,3.0,105.0,10.0,"Бишкек,Ак-Оргож/м,КыркКыз/Гагарина",175000.0,15036000.0
354,3.0,100.0,10.0,"Бишкек,Магистраль,пр.Ч.Айтматова",127000.0,10911840.0
355,2.0,50.0,5.0,"Бишкек,Магистраль,ул.Советская/Магистраль",69000.0,5928480.0
356,2.0,72.0,2.0,"Бишкек,Магистраль,Байтик-Баатыра/А.Токомбаева",95000.0,8162400.0
357,2.0,72.0,2.0,"Бишкек,Политех,Ажыбек-Баатыра10в",95000.0,8162400.0
358,2.0,46.0,5.0,"Бишкек,АкадемияНаук",64000.0,5498880.0
359,4.0,145.0,5.0,"Бишкек,Дворецспорта,Жумабека-Коенкозова",220000.0,18902400.0
360,2.0,56.26,11.0,"Бишкек,Джал-29м-н,мкрнДжал-29,ул.Садырбаева",50634.0,4350473.0
361,2.0,100.0,11.0,"Бишкек,Кулатова-Матросова,Матросова,1аст2/ЛьваТолстого",119000.0,10224480.0
362,1.0,42.0,1.0,"Бишкек,Магистраль",60000.0,5155200.0
363,3.0,102.57,12.0,"Бишкек,Магистраль,пр.Ч.Айтматова82/2",92313.0,7931533.0
364,3.0,125.0,11.0,"Бишкек,Магистраль,БайтикБаатыра/Токомбаева",205000.0,17613600.0
365,1.0,50.0,12.0,"Бишкек,Гагарина,ТимураФрунзе/Гагарина",62500.0,5370000.0
366,2.0,80.0,6.0,"Бишкек,Магистраль,СухеБатора/ЮжнаяМагистраль",90900.0,7810128.0
367,1.0,35.0,2.0,"Бишкек,Магистраль,АалыТокомбаева",61000.0,5241120.0
368,1.0,33.0,5.0,"Бишкек,Дворецспорта,Жумабека-Коенкозова",59400.0,5103648.0
369,3.0,58.0,5.0,"Бишкек,Моссовет",82000.0,7045440.0
370,2.0,56.26,11.0,"Бишкек,Магистраль,пр.Ч.Айтматова82/2",50634.0,4350473.0
371,2.0,100.0,11.0,"Бишкек,Магистраль,Байтик-Баатыра/А.Токомбаева",119000.0,10224480.0
372,1.0,42.0,1.0,"Бишкек,Джальскаябольница,ул.Айни95",60000.0,5155200.0
373,3.0,102.57,12.0,"Бишкек,Магистраль,ул.Куттубаева,15",92313.0,7931533.0
374,3.0,125.0,11.0,"Бишкек,Магистраль,Байтик-Баатыра/А.Токомбаева",205000.0,17613600.0
375,1.0,50.0,12.0,"Бишкек,АЮGrand,ул.Анкар1/19",62500.0,5370000.0
376,2.0,80.0,6.0,"Бишкек,БГУ,пр.Мира/Сухомлинова",90900.0,7810128.0
377,1.0,35.0,2.0,"Бишкек,ПаркАтатюрк,Малдыбаева145",61000.0,5241120.0
378,1.0,33.0,5.0,"Бишкек,Магистраль,Кок-Жар,ул.Куйручук28",59400.0,5103648.0
379,3.0,58.0,5.0,"Бишкек,Военторг,ТоголокМолдо/Киевская",82000.0,7045440.0
380,2.0,68.0,3.0,"Бишкек,Дворецспорта,Жумабека-Коенкозова",101257.0,8700000.0
381,1.0,45.4,14.0,"Бишкек,Горького-Алма-Атинская,7апреля1/1/Горького",55000.0,4725600.0
382,1.0,41.0,14.0,"Бишкек,Магистраль,СухеБатора/ЮжнаяМагистраль",42500.0,3651600.0
383,2.0,58.0,7.0,"Бишкек,Джал-29м-н,Тыналиева/Масалиева",82000.0,7045440.0
384,1.0,44.0,7.0,"Бишкек,Магистраль",66000.0,5670720.0
385,3.0,115.0,12.0,"Бишкек,с.Кок-Джар,с.Кок-Жар,ул.КонкурОсмона",98000.0,8420160.0
386,2.0,46.0,1.0,"Бишкек,VEFA,Кулатова/Элебаева",59000.0,5069280.0
387,1.0,45.39,14.0,"Бишкек,Магистраль,просп.Айтматова/ул.Масалиева",53500.0,4596720.0
388,1.0,48.0,16.0,"Бишкек,Магистраль,Сухэ-Батора/Токомбаева",36000.0,3093120.0
389,3.0,99.6,3.0,"Бишкек,ДенСяопина-Фучика,фучика38/рыскулова",135000.0,11599200.0
390,3.0,93.0,7.0,"Бишкек,НижнийТокольдош,Кийизбаева33",159000.0,13661280.0
391,4.0,81.8,4.0,"Бишкек,Джал15м-н,Ахунбаева/Тыналиева",119990.0,10309541.0
392,3.0,121.0,5.0,"Бишкек,Магистраль,Сухэ-Батора/Токомбаева",172000.0,14778240.0
393,4.0,145.0,3.0,"Бишкек,Магистраль,БайтикБаатыра(недалекоотЮжныхворот)",205000.0,17613600.0
394,2.0,70.0,6.0,"Бишкек,Горького-Алма-Атинская,Горького",119000.0,10224480.0
395,3.0,152.0,13.0,"Бишкек,12м-н",220000.0,18902400.0
396,1.0,43.0,11.0,"Бишкек,Ошскийрынок",68000.0,5842560.0
397,3.0,120.0,1.0,"Бишкек,Магистраль,Байтик-Баатыра/А.Токомбаева",138000.0,11856960.0
398,3.0,132.0,13.0,"Бишкек,АкЭмиррынок",165000.0,14176800.0
399,4.0,120.0,8.0,"Бишкек,VEFA,Кулатова14/Элебаева",245000.0,21050400.0
400,2.0,78.0,15.0,"Бишкек,Магистраль,Сухэ-Батора/Токомбаева",113100.0,9717552.0
401,2.0,103.0,8.0,"Бишкек,Тунгучм-н40",108150.0,9292248.0
402,4.0,164.0,4.0,"Бишкек,Ипподром",320000.0,27494400.0
403,4.0,164.0,4.0,"Бишкек,Аламедин-1м-н",320000.0,27494400.0
404,3.0,122.0,4.0,"Бишкек,АзияМолл",131760.0,11320819.0
405,2.0,80.0,5.0,"Бишкек,Магистраль,пр.Мира299/7",127000.0,10911840.0
406,3.0,87.0,2.0,"Бишкек,Кок-Жарж/м,ж/мКок-Жар,ул.Куйручук22",140000.0,12028800.0
407,2.0,49.0,3.0,"Бишкек,VEFA,Кулатова/Элебаева",79000.0,6787680.0
408,2.0,44.0,8.0,"Бишкек,Советская-Скрябина,Медерова/Элебаева",77000.0,6615840.0
409,4.0,157.0,10.0,"Бишкек,Карпинка",164693.0,14150423.0
410,2.0,65.0,12.0,"Бишкек,VEFA,Кулатова14/Элебаева",72000.0,6186240.0
411,3.0,144.0,8.0,"Бишкек,КГУСТА",115200.0,9897984.0
412,2.0,78.0,8.0,"Бишкек,Кок-Жарж/м",111000.0,9537120.0
413,2.0,103.0,10.0,"Бишкек,Моссовет,Усенбаева/МосСовет",113300.0,9734736.0
414,2.0,68.0,13.0,"Бишкек,Асанбайм-н,Токомбаева/Куттубаева",74120.0,6368390.0
415,3.0,126.0,9.0,"Бишкек,Джал15м-н,Ахунбаева/Тыналиева",207900.0,17862768.0
416,1.0,45.0,15.0,"Бишкек,Кок-Жарж/м",50500.0,4338960.0
417,1.0,47.0,8.0,"Бишкек,Юбилейка,ЛьваТолстого/Советская",61500.0,5284080.0
418,3.0,152.0,3.0,"Бишкек,Магистраль,ул.Токомбаева/Куттубаева",243200.0,20895744.0
419,2.0,57.0,9.0,"Бишкек,Советская-Скрябина,Медерова44/2/Жукеева-Пудовкина",117000.0,10052640.0
421,2.0,78.0,1.0,"Бишкек,Дворецспорта,Жумабека-Коенкозова",140000.0,12028800.0
422,4.0,181.0,9.0,"Бишкек,Кок-Жарж/м,ШабданБаатыра139/1/Медерова",217200.0,18661824.0
423,2.0,103.0,8.0,"Бишкек,Гагарина,ул.Космическая96",103000.0,8849760.0
424,3.0,107.0,8.0,"Бишкек,Магистраль,просп.Айтматова/ул.Масалиева",112350.0,9653112.0
425,2.0,68.0,6.0,"Бишкек,Боталиева-Тулебердиева,Манаса-Васильева",88000.0,7560960.0
426,2.0,73.0,4.0,"Бишкек,Магистраль,СухэБатора/ЮжнаяМагистраль",69000.0,5928480.0
427,2.0,50.0,5.0,"Бишкек,7м-н,7мкр.,ул.Юнусалиева",62000.0,5327040.0
428,2.0,56.29,4.0,"Бишкек,Военторг,Токтогула140/Исанова",69500.0,5971440.0
429,1.0,37.0,8.0,"Бишкек,Матросова,Суванбердиева110/Матросова",53000.0,4553760.0
430,3.0,70.0,5.0,"Бишкек,Дворецспорта",93000.0,7990560.0
431,2.0,70.0,4.0,"Бишкек,Магистраль,Байтик-Баатыра/А.Токомбаева",93000.0,7990560.0
432,2.0,50.0,5.0,"Бишкек,6м-н,6-микр.поул.Каралаева",79000.0,6787680.0
433,3.0,105.0,10.0,"Бишкек,Магистраль,Сухэ-Батора/Токомбаева",175000.0,15036000.0
434,3.0,100.0,10.0,"Бишкек,ВерхнийДжалм-н",127000.0,10911840.0
435,2.0,50.0,5.0,"Бишкек,Магистраль,ул.Токомбаева/Куттубаева/Иагистраль",69000.0,5928480.0
436,2.0,72.0,2.0,"Бишкек,ВерхнийДжалм-н,Тыналиева",95000.0,8162400.0
437,2.0,72.0,2.0,"Бишкек,АкКеме",95000.0,8162400.0
438,2.0,46.0,5.0,"Бишкек,Советская-Скрябина",64000.0,5498880.0
439,4.0,145.0,5.0,"Бишкек,Магистраль,просп.Айтматова/ул.Масалиева",220000.0,18902400.0
440,2.0,72.0,2.0,"Бишкек,Магистраль,А.Токомбаева/А.Куттубаева",95000.0,8162400.0
441,2.0,72.0,2.0,"Бишкек,ПаркАтатюрк,Токтоналиева86",95000.0,8162400.0
442,2.0,46.0,5.0,"Бишкек,СкверТоголокМолдо,Чуйкова/Коёнкозова",64000.0,5498880.0
443,4.0,145.0,5.0,"Бишкек,Филармония,Исанова/Абдымомунова",220000.0,18902400.0
444,3.0,100.0,8.0,"Бишкек,8м-н",150000.0,12888000.0
445,2.0,98.0,6.0,"Бишкек,АЮGrand,ул.Анкар1/19",98600.0,8471712.0
446,4.0,158.0,8.0,"Бишкек,Магистраль,просп.Айтматова/ул.Масалиева",237000.0,20363040.0
447,2.0,65.53,5.0,"Бишкек,Магистраль,Байтик-Баатыра/А.Токомбаева",79000.0,6787680.0
448,2.0,66.0,3.0,"Бишкек,НижнийТокольдош,ул.Кийизбаева/Передовая(мкрн.""Восток-5"")",83000.0,7131360.0
449,2.0,80.0,5.0,"Бишкек,Магистраль,Малдыбаева279",135000.0,11599200.0
450,2.0,56.26,11.0,"Бишкек,Магистраль,Байтик-Баатыра/А.Токомбаева",50634.0,4350473.0
451,2.0,100.0,11.0,"Бишкек,НижнийТокольдош,ул.Кийизбаева/Передовая(мкрн.""Восток-5"")",119000.0,10224480.0
452,1.0,42.0,1.0,"Бишкек,Магистраль,Малдыбаева279",60000.0,5155200.0
453,3.0,102.57,12.0,"Бишкек,ЦУМ,Чуй/ЮсупаАбдрахманова",92313.0,7931533.0
454,3.0,125.0,11.0,"Бишкек,Магистраль,Сухэ-Батора/Токомбаева",205000.0,17613600.0
455,1.0,50.0,12.0,"Бишкек,Асанбайм-н,Токомбаева/Куттубаева",62500.0,5370000.0
456,2.0,80.0,6.0,"Бишкек,5м-н,Каралаева38/1",90900.0,7810128.0
457,1.0,35.0,2.0,"Бишкек,КараДарыя,Ахунбаева(Бот.Сад)",61000.0,5241120.0
458,1.0,33.0,5.0,"Бишкек,Магистраль,СухэБатора/Токомбаева",59400.0,5103648.0
459,3.0,58.0,5.0,"Ошскаяобласть,Ош,Амир-Тимура,9",82000.0,7045440.0
460,2.0,56.26,11.0,"Бишкек,Асанбайм-н,Токомбаева/Куттубаева",50634.0,4350473.0
461,2.0,100.0,11.0,"Бишкек,Магистраль,Асанбай",119000.0,10224480.0
462,1.0,42.0,1.0,"Бишкек,СреднийДжалм-н",60000.0,5155200.0
463,3.0,102.57,12.0,"Бишкек,АЮGrand,Анкара28",92313.0,7931533.0
464,3.0,125.0,11.0,"Бишкек,Магистраль,Байтик-Баатыра/А.Токомбаева",205000.0,17613600.0
465,1.0,50.0,12.0,"Бишкек,VEFA,Кулатова14/Элебаева",62500.0,5370000.0
466,2.0,80.0,6.0,"Бишкек,АкКеме,Джунусалиева/АжыбекБаатыра",90900.0,7810128.0
467,1.0,35.0,2.0,"Бишкек,5м-н",61000.0,5241120.0
468,1.0,33.0,5.0,"Бишкек,с.Кок-Джар,с.Кок-Жар,ул.КонурОсмона",59400.0,5103648.0
469,3.0,58.0,5.0,"Бишкек,VEFA,БайтикБаатыра/Горького",82000.0,7045440.0
470,2.0,68.0,3.0,"Бишкек,АкКеме,Джунусалиева/АжыбекБаатыра",101257.0,8700000.0
471,1.0,45.4,14.0,"Бишкек,АЮGrand,ул.Анкар1/19",55000.0,4725600.0
472,1.0,41.0,14.0,"Бишкек,Киргизия-2м-н,Самойленко3/1,3/2/Ч.Айтматова",42500.0,3651600.0
473,2.0,58.0,7.0,"Бишкек,VEFA,Кулатова/Элебаева",82000.0,7045440.0
474,1.0,44.0,7.0,"Бишкек,Восточныйавтовокзал",66000.0,5670720.0
475,3.0,115.0,12.0,"Бишкек,7м-н,Сухэ-Батора/А.Токомбаева",98000.0,8420160.0
476,2.0,46.0,1.0,"Бишкек,5м-н,5микрорайон",59000.0,5069280.0
477,1.0,45.39,14.0,"Бишкек,Чуй-Алматинка,КурманжанДатка/Салиева",53500.0,4596720.0
478,1.0,48.0,16.0,"Бишкек,Магистраль,Малдыбаева279",36000.0,3093120.0
479,3.0,99.6,3.0,"Бишкек,Асанбайм-н,Токомбаева/Куттубаева",135000.0,11599200.0
480,3.0,93.0,7.0,"Бишкек,Магистраль,ул.Токомбаева/Куттубаева",159000.0,13661280.0
481,4.0,81.8,4.0,"Бишкек,АУЦА,напротивмкрн.Асанбай",119990.0,10309541.0
482,3.0,121.0,5.0,"Бишкек,АкКеме,Джунусалиева/АжыбекБаатыра",172000.0,14778240.0
483,4.0,145.0,3.0,"Бишкек,Дворецспорта,Жумабека-Коенкозова",205000.0,17613600.0
484,2.0,70.0,6.0,"Бишкек,Магистраль,Байтик-Баатыра/А.Токомбаева",119000.0,10224480.0
485,3.0,152.0,13.0,"Бишкек,Магистраль,пр.Ч.Айтматова/Магистраль",220000.0,18902400.0
486,1.0,43.0,11.0,"Бишкек,Магистраль,Сухэ-Батора/Токомбаева",68000.0,5842560.0
487,3.0,120.0,1.0,"Бишкек,ЧоканаВалиханова-Исакеева,ул.Исакеева/Виноградная",138000.0,11856960.0
488,3.0,132.0,13.0,"Бишкек,Магистраль,Байтик-Баатыра/А.Токомбаева",165000.0,14176800.0
489,4.0,120.0,8.0,"Бишкек,Магистраль,пр.Ч.Айтматова",245000.0,21050400.0
490,2.0,78.0,15.0,"Бишкек,Горького-Алма-Атинская,Горького-7-апреля",113100.0,9717552.0
491,2.0,103.0,8.0,"Ошскаяобласть,Ош,Ош.ул.Абдыкадырова207/21",108150.0,9292248.0
492,4.0,164.0,4.0,"Бишкек,Магистраль,Сухэ-Батора/Токомбаева",320000.0,27494400.0
493,4.0,164.0,4.0,"Бишкек,Магистраль,АалыТокомбаева/Дуйшеева",320000.0,27494400.0
494,3.0,122.0,4.0,"Бишкек,Магистраль,Байтик-Баатыра/А.Токомбаева",131760.0,11320819.0
495,2.0,80.0,5.0,"Бишкек,Магистраль,Байтик-Баатыра/А.Токомбаева",127000.0,10911840.0
496,3.0,87.0,2.0,"Бишкек,Магистраль,СухеБатора/ЮжнаяМагистраль",140000.0,12028800.0
497,2.0,49.0,3.0,"Иссык-Кульскаяобласть,с.Кош-Коль,с.Кош-кол",79000.0,6787680.0
498,2.0,44.0,8.0,"Бишкек,МолодаяГвардия",77000.0,6615840.0
499,4.0,157.0,10.0,"Бишкек,Магистраль,Байтик-Баатыра/А.Токомбаева",164693.0,14150423.0
500,2.0,65.0,12.0,"Бишкек,Золотойквадрат",72000.0,6186240.0
501,3.0,144.0,8.0,"Бишкек,Магистраль,Байтик-Баатыра/А.Токомбаева",115200.0,9897984.0
502,2.0,78.0,8.0,"Бишкек,Гагарина,ТимураФрунзе/Гагарина",111000.0,9537120.0
503,2.0,103.0,10.0,"Бишкек,Центральнаямечеть,Московская56-3/Гоголя",113300.0,9734736.0
504,2.0,68.0,13.0,"Бишкек,Магистраль,СухеБатора/ЮжнаяМагистраль",74120.0,6368390.0
505,3.0,126.0,9.0,"Бишкек,Джальскаябольница,Айни95/Леваневского",207900.0,17862768.0
506,1.0,45.0,15.0,Сокулук,50500.0,4338960.0
507,1.0,47.0,8.0,"Бишкек,Джал-29м-н,Садырбаевастр.258",61500.0,5284080.0
508,3.0,152.0,3.0,"Бишкек,Аламедин-1м-н",243200.0,20895744.0
509,2.0,57.0,9.0,"Бишкек,Боталиева-Тулебердиева,МанасаВасильева/Васильева",117000.0,10052640.0
511,2.0,78.0,1.0,"Бишкек,ЖДвокзал",140000.0,12028800.0
512,4.0,181.0,9.0,"Бишкек,АЮGrand,Исакеева2",217200.0,18661824.0
513,2.0,103.0,8.0,"Бишкек,Магистраль,пр-тЧ.Айтматова/А.Масалиева",103000.0,8849760.0
514,3.0,107.0,8.0,"Бишкек,Старыйаэропорт,АжыбекБаатырастр.2/1-2",112350.0,9653112.0
515,2.0,68.0,6.0,"Бишкек,Магистраль,Байтик-Баатыра/А.Токомбаева",88000.0,7560960.0
516,2.0,73.0,4.0,"Бишкек,Магистраль,А.Токомбаева/А.Куттубаева",69000.0,5928480.0
517,2.0,50.0,5.0,"Бишкек,АЮGrand,ул.Анкар1/19",62000.0,5327040.0
518,2.0,56.29,4.0,"Бишкек,Гагарина,ул.Поваринская,мкр.Джал",69500.0,5971440.0
519,1.0,37.0,8.0,"Бишкек,Магистраль,СухеБатора/ЮжнаяМагистраль",53000.0,4553760.0
520,3.0,70.0,5.0,"Бишкек,Джальскаябольница,Тыналиева2/21",93000.0,7990560.0
521,2.0,70.0,4.0,"Бишкек,Магистраль,Байтик-Баатыра/А.Токомбаева",93000.0,7990560.0
522,2.0,50.0,5.0,"Бишкек,Магистраль,Магистраль/СухэБатора",79000.0,6787680.0
523,3.0,105.0,10.0,"Бишкек,Золотойквадрат,Раззакова/Московская",175000.0,15036000.0
524,3.0,100.0,10.0,"Бишкек,Магистраль,Токомбаева17/3",127000.0,10911840.0
525,2.0,50.0,5.0,"Бишкек,Магистраль,Байтик-Баатыра/А.Токомбаева",69000.0,5928480.0
526,2.0,72.0,2.0,"Бишкек,Госрегистр,Л.Толстогоипр.ЧынгызаАйтматова",95000.0,8162400.0
527,2.0,72.0,2.0,"Бишкек,Баха,Джал-15",95000.0,8162400.0
528,2.0,46.0,5.0,"Бишкек,Магистраль,Байтик-Баатыра/А.Токомбаева",64000.0,5498880.0
529,4.0,145.0,5.0,"Бишкек,Магистраль,Байтик-Баатыра/А.Токомбаева",220000.0,18902400.0
530,2.0,72.0,2.0,"Бишкек,Магистраль,пр.Ч.Айтматова",95000.0,8162400.0
531,2.0,72.0,2.0,"Бишкек,Джал15м-н,Ахунбаева/Тыналиева",95000.0,8162400.0
532,2.0,46.0,5.0,"Бишкек,Золотойквадрат,Раззакова15/Боконбаева",64000.0,5498880.0
533,4.0,145.0,5.0,"Бишкек,Магистраль,Куттубаева/ЮжнаяМагистраль",220000.0,18902400.0
534,3.0,100.0,8.0,"Бишкек,Магистраль,БайтикБаатыра(недалекоотЮжныхворот)",150000.0,12888000.0
535,2.0,98.0,6.0,"Бишкек,Юг-2м-н,Фатьянова/Кулатова",98600.0,8471712.0
536,4.0,158.0,8.0,"Бишкек,Космос,Абая93Б",237000.0,20363040.0
537,2.0,65.53,5.0,"Бишкек,Политех,Сухомлинова/Ч.Айтматова",79000.0,6787680.0
538,2.0,66.0,3.0,"Бишкек,Кок-Жарм-н",83000.0,7131360.0
539,2.0,80.0,5.0,"Бишкек,АЮGrand,ул.Анкар1/19",135000.0,11599200.0
540,3.0,90.0,8.0,"Бишкек,Цирк/Дворецбракосочетания,Фрунзе/Эркиндик",118000.0,10138560.0
541,4.0,140.0,10.0,"Бишкек,Магистраль",250000.0,21480000.0
542,3.0,115.0,10.0,"Бишкек,Магистраль",85100.0,7311792.0
543,2.0,86.0,10.0,"Бишкек,Магистраль,ул.Куттубаева,15",102000.0,8763840.0
544,3.0,124.0,8.0,"Бишкек,Арча-Бешикж/м,ул.Баха/ЮжнаяМагистраль",189000.0,16238880.0
545,1.0,52.0,13.0,"Бишкек,Политех,Джунусалиева/АжыбекБаатыра",39000.0,3350880.0
546,3.0,108.0,10.0,"Бишкек,Магистраль,пр.Ч.Айтматова",150000.0,12888000.0
547,4.0,110.0,11.0,"Бишкек,Магистраль",121000.0,10396320.0
548,3.0,84.0,3.0,"Бишкек,Политех,г.Бишкек,ул.Целинная21(районПолитех)",94500.0,8119440.0
549,1.0,47.5,7.0,"Бишкек,Магистраль,СухэБатора/Токомбаева",72000.0,6186240.0
550,2.0,56.26,11.0,"Бишкек,Мед.академия",50634.0,4350473.0
551,2.0,100.0,11.0,"Бишкек,АкКеме,Джунусалиева/АжыбекБаатыра",119000.0,10224480.0
552,1.0,42.0,1.0,"Бишкек,Магистраль,ул.Куттубаева,15",60000.0,5155200.0
553,3.0,102.57,12.0,"Бишкек,ПаркПанфилова/Спартак,Панфилова190/1",92313.0,7931533.0
554,3.0,125.0,11.0,"Бишкек,Магистраль",205000.0,17613600.0
555,1.0,50.0,12.0,"Бишкек,Магистраль,Куттубаева/Южн.Магистраль",62500.0,5370000.0
556,2.0,80.0,6.0,"Бишкек,Джал-29м-н,Тыналиева",90900.0,7810128.0
557,1.0,35.0,2.0,"Бишкек,Магистраль,Куттубаева/Южн.Магистраль",61000.0,5241120.0
558,1.0,33.0,5.0,"Бишкек,Кок-Жарм-н",59400.0,5103648.0
559,3.0,58.0,5.0,"Бишкек,Магистраль,Токомбаева29",82000.0,7045440.0
560,2.0,56.26,11.0,"Бишкек,Магистраль,СухеБатора/ЮжнаяМагистраль",50634.0,4350473.0
561,2.0,100.0,11.0,"Бишкек,Советская-Скрябина,Медерова44/2/Жукеева-Пудовкина",119000.0,10224480.0
562,1.0,42.0,1.0,"Бишкек,Восток-5м-н,Мамбетова",60000.0,5155200.0
563,3.0,102.57,12.0,"Бишкек,Магистраль,Куттубаева/Южн.Магистраль",92313.0,7931533.0
564,3.0,125.0,11.0,"Бишкек,Магистраль,Куттубаева/Южн.Магистраль",205000.0,17613600.0
565,1.0,50.0,12.0,"Бишкек,Магистраль",62500.0,5370000.0
566,2.0,80.0,6.0,"Бишкек,Джал15м-н,Ахунбаева/Тыналиева",90900.0,7810128.0
567,1.0,35.0,2.0,"Бишкек,Магистраль,Байтик-Баатыра/А.Токомбаева",61000.0,5241120.0
568,1.0,33.0,5.0,"Бишкек,10м-н,Токомбаева",59400.0,5103648.0
569,3.0,58.0,5.0,"Бишкек,Магистраль,БайтикБаатыра(недалекоотЮжныхворот)",82000.0,7045440.0
570,2.0,68.0,3.0,"Бишкек,ПаркПанфилова/Спартак,Жибек-Жолу/Логвиненко",101257.0,8700000.0
571,1.0,45.4,14.0,"Бишкек,Магистраль,СухеБатора/ЮжнаяМагистраль",55000.0,4725600.0
572,1.0,41.0,14.0,"Бишкек,ПаркАтатюрк",42500.0,3651600.0
573,2.0,58.0,7.0,"Бишкек,МолодаяГвардия,Фрунзе/бул.МолодойГвардии",82000.0,7045440.0
574,1.0,44.0,7.0,"Бишкек,Центральнаямечеть,Чуйкова1",66000.0,5670720.0
575,3.0,115.0,12.0,"Бишкек,КНУ,Фрунзе571/Уметалиева",98000.0,8420160.0
576,2.0,46.0,1.0,"Бишкек,Юбилейка",59000.0,5069280.0
577,1.0,45.39,14.0,"Бишкек,Магистраль,ул.Токомбаева/Куттубаева",53500.0,4596720.0
578,1.0,48.0,16.0,"Бишкек,Моссовет,боконбаева/советская",36000.0,3093120.0
579,3.0,99.6,3.0,"Бишкек,Магистраль,ул.Куттубаева,15",135000.0,11599200.0
580,3.0,93.0,7.0,"Бишкек,АкКеме,Джунусалиева/АжыбекБаатыра",159000.0,13661280.0
581,4.0,81.8,4.0,"Бишкек,Политех,г.Бишкек,ул.Целинная21(районПолитех)",119990.0,10309541.0
582,3.0,121.0,5.0,"Бишкек,Асанбайм-н,Токомбаева/Куттубаева",172000.0,14778240.0
583,4.0,145.0,3.0,"Бишкек,Вечерка,Абдрахманова/Туголбай-Ата",205000.0,17613600.0
584,2.0,70.0,6.0,"Бишкек,Шлагбаум,Интергельпо12",119000.0,10224480.0
585,3.0,152.0,13.0,"Бишкек,ВерхнийДжалм-н",220000.0,18902400.0
586,1.0,43.0,11.0,"Бишкек,Военторг,Сыдыкова64/Коенкозова",68000.0,5842560.0
587,3.0,120.0,1.0,"Бишкек,Магистраль,Куттубаева/ЮжнаяМагистраль",138000.0,11856960.0
588,3.0,132.0,13.0,"Бишкек,10м-н",165000.0,14176800.0
589,4.0,120.0,8.0,"Бишкек,АкКеме,Джунусалиева/АжыбекБаатыра",245000.0,21050400.0
590,2.0,78.0,15.0,"Бишкек,Магистраль,пр.Ч.Айтматова",113100.0,9717552.0
591,2.0,103.0,8.0,"Бишкек,Магистраль,ул.Куттубаева,15",108150.0,9292248.0
592,4.0,164.0,4.0,"Бишкек,Генпрокуратура",320000.0,27494400.0
593,4.0,164.0,4.0,"Бишкек,ПаркАтатюрк",320000.0,27494400.0
594,3.0,122.0,4.0,"Бишкек,Военторг,ТоголокМолдо/Токтогула",131760.0,11320819.0
595,2.0,80.0,5.0,"Бишкек,Магистраль,Б.Баатыра/А.Токомбаева",127000.0,10911840.0
596,3.0,87.0,2.0,"Бишкек,Магистраль,Сухэ-Батора/Токомбаева",140000.0,12028800.0
597,2.0,49.0,3.0,"Бишкек,Достукм-н",79000.0,6787680.0
598,2.0,44.0,8.0,"Бишкек,КНУ,Жумабека219/Шевченко",77000.0,6615840.0
599,4.0,157.0,10.0,"Бишкек,Золотойквадрат",164693.0,14150423.0
600,2.0,65.0,12.0,"Бишкек,11м-н,Куттубаева15",72000.0,6186240.0
601,3.0,144.0,8.0,"Бишкек,ВерхнийДжалм-н",115200.0,9897984.0
602,2.0,78.0,8.0,"Бишкек,Восток-5м-н,чуй/алматинка",111000.0,9537120.0
603,2.0,103.0,10.0,"Бишкек,Кок-Жарж/м,Молдокулова10/a3/Куйручук",113300.0,9734736.0
604,2.0,68.0,13.0,"Бишкек,Лебединовка,Кольбаева41/1",74120.0,6368390.0
605,3.0,126.0,9.0,"Бишкек,ВерхнийДжалм-н",207900.0,17862768.0
606,1.0,45.0,15.0,"Бишкек,Кок-Жарж/м,Шабдан-БаатыраиЧар.",50500.0,4338960.0
607,1.0,47.0,8.0,"Бишкек,Магистраль,Байтик-Баатыра/А.Токомбаева",61500.0,5284080.0
608,3.0,152.0,3.0,"с.Манас,Школьная/Авиагородок",243200.0,20895744.0
609,2.0,57.0,9.0,"Бишкек,12м-н,масалиева",117000.0,10052640.0
611,2.0,78.0,1.0,"Бишкек,Магистраль,А.Токомбаева/А.Куттубаева",140000.0,12028800.0
612,4.0,181.0,9.0,"Бишкек,Центральнаямечеть",217200.0,18661824.0
613,2.0,103.0,8.0,"Бишкек,Дворецспорта,ул.Рыскулова/Коенкозова",103000.0,8849760.0
614,3.0,107.0,8.0,"Бишкек,Магистраль,ул.Токомбаева/Куттубаева",112350.0,9653112.0
615,2.0,68.0,6.0,"Бишкек,Магистраль,БайтикБаатыра/Токомбаева",88000.0,7560960.0
616,2.0,73.0,4.0,"Бишкек,Советская-Скрябина,Медерова44/2/Жукеева-Пудовкина",69000.0,5928480.0
617,2.0,50.0,5.0,"Бишкек,Советская-Скрябина,Медерова44/2/Жукеева-Пудовкина",62000.0,5327040.0
618,2.0,56.29,4.0,"Бишкек,Пишпекж/м",69500.0,5971440.0
619,1.0,37.0,8.0,"Бишкек,VEFA,Кулатова/Элебаева",53000.0,4553760.0
620,3.0,70.0,5.0,"Бишкек,Магистраль,БайтикБаатыра(недалекоотЮжныхворот)",93000.0,7990560.0
621,2.0,70.0,4.0,"Бишкек,Кок-Жарм-н",93000.0,7990560.0
622,2.0,50.0,5.0,"Бишкек,Асанбайм-н,Токомбаева/Куттубаева",79000.0,6787680.0
623,3.0,105.0,10.0,"Бишкек,Магистраль,СухеБатора/ЮжнаяМагистраль",175000.0,15036000.0
624,3.0,100.0,10.0,"Бишкек,Магистраль,БайтикБаатыра(недалекоотЮжныхворот)",127000.0,10911840.0
625,2.0,50.0,5.0,"Бишкек,Кара-Жыгачж/м,Дордой",69000.0,5928480.0
626,2.0,72.0,2.0,"Бишкек,Магистраль,Байтик-Баатыра/А.Токомбаева",95000.0,8162400.0
627,2.0,72.0,2.0,"Бишкек,Кызыл-Аскерж/м",95000.0,8162400.0
628,2.0,46.0,5.0,"Бишкек,Джал-29м-н,мкрнДжал-2916",64000.0,5498880.0
629,4.0,145.0,5.0,"Бишкек,Магистраль,Байтик-Баатыра/А.Токомбаева",220000.0,18902400.0
630,2.0,72.0,2.0,"Бишкек,Джал-29м-н,мкрнДжал-2916",95000.0,8162400.0
631,2.0,72.0,2.0,"Бишкек,Магистраль,Байтик-Баатыра/А.Токомбаева",95000.0,8162400.0
632,2.0,46.0,5.0,"Бишкек,КНУ",64000.0,5498880.0
633,4.0,145.0,5.0,"Бишкек,Магистраль,Куттубаева/Южн.Магистраль",220000.0,18902400.0
634,3.0,100.0,8.0,"Бишкек,Магистраль,Байтик-Баатыра/А.Токомбаева",150000.0,12888000.0
635,2.0,98.0,6.0,"Бишкек,6м-н,Сухэ-Батора-Юнусалиева",98600.0,8471712.0
636,4.0,158.0,8.0,"Бишкек,Горького-Алма-Атинская,Горького",237000.0,20363040.0
637,2.0,65.53,5.0,"Бишкек,Юг-2м-н",79000.0,6787680.0
638,2.0,66.0,3.0,"Бишкек,АкадемияНаук,Тимирязева97",83000.0,7131360.0
639,2.0,80.0,5.0,"Бишкек,АкКеме",135000.0,11599200.0
640,3.0,90.0,8.0,"Бишкек,Магистраль,Байтик-Баатыра/А.Токомбаева",118000.0,10138560.0
641,4.0,140.0,10.0,"Бишкек,7м-н,Юнусалиева173/2",250000.0,21480000.0
642,3.0,115.0,10.0,"Бишкек,ВерхнийДжалм-н",85100.0,7311792.0
643,2.0,86.0,10.0,"Бишкек,ПаркАтатюрк",102000.0,8763840.0
644,3.0,124.0,8.0,"Бишкек,Восток-5м-н,Мамбетова",189000.0,16238880.0
645,1.0,52.0,13.0,"Бишкек,9м-н",39000.0,3350880.0
646,3.0,108.0,10.0,"Бишкек,Магистраль,Токомбаева/СухэБатора",150000.0,12888000.0
647,4.0,110.0,11.0,"Бишкек,Магистраль,Куттубаева/Южн.Магистраль",121000.0,10396320.0
648,3.0,84.0,3.0,"Бишкек,Магистраль,Токомбаева,запарком""Асанбай""",94500.0,8119440.0
649,1.0,47.5,7.0,"Бишкек,КНУ,фрунзе/турусбекова",72000.0,6186240.0
650,4.0,123.0,7.0,"Бишкек,Магистраль,ул.А.Малдыбаева277(пер.ул.А.Масалиева)",280000.0,24057600.0
651,4.0,122.0,11.0,"Бишкек,Магистраль,Байтик-Баатыра/А.Токомбаева",185000.0,15895200.0
652,3.0,91.0,4.0,"Бишкек,Магистраль,Токомбаева-Сухэ-батора",119500.0,10267440.0
653,2.0,67.0,3.0,"Бишкек,Госрегистр,пр.ЧингизаАйтматова4",74800.0,6426816.0
654,3.0,80.0,8.0,"Бишкек,Магистраль",88000.0,7560960.0
655,1.0,45.0,9.0,"Бишкек,Советская-Скрябина",42500.0,3651600.0
656,1.0,48.0,2.0,"Шопоков,новостройки/первомайская",77500.0,6658800.0
657,1.0,48.0,3.0,"Иссык-Кульскаяобласть,Чолпон-Ата",77500.0,6658800.0
658,1.0,18.0,4.0,"Бишкек,Политех,Целинная21",24800.0,2130816.0
659,4.0,126.0,2.0,"Бишкек,10м-н",150000.0,12888000.0
660,2.0,56.26,11.0,"Бишкек,МолодаяГвардия",50634.0,4350473.0
661,2.0,100.0,11.0,"Бишкек,Московская-Уметалиева,Московская/Манаса",119000.0,10224480.0
662,1.0,42.0,1.0,"Бишкек,Магистраль,БайтикБаатыра/Токомбаева",60000.0,5155200.0
663,3.0,102.57,12.0,"Бишкек,Магистраль,Сухэ-Батора/Токомбаева",92313.0,7931533.0
664,3.0,125.0,11.0,"Бишкек,Магистраль,пр.Мира/Южнаямагистраль",205000.0,17613600.0
665,1.0,50.0,12.0,"Бишкек,Киргизия-2м-н,Самойленко3/1,3/2/Ч.Айтматова",62500.0,5370000.0
666,2.0,80.0,6.0,"Бишкек,МахатмаГанди-БЧК,МолодаяГвардия/Ленинградская",90900.0,7810128.0
667,1.0,35.0,2.0,"Бишкек,СреднийДжалм-н",61000.0,5241120.0
668,1.0,33.0,5.0,"Бишкек,Магистраль",59400.0,5103648.0
669,3.0,58.0,5.0,"Бишкек,Магистраль,Сухэ-Батора/Токомбаева",82000.0,7045440.0
670,2.0,56.26,11.0,"Бишкек,Магистраль,Магистраль/СухэБатора",50634.0,4350473.0
671,2.0,100.0,11.0,"Бишкек,Магистраль,Байтик-Баатыра/А.Токомбаева",119000.0,10224480.0
672,1.0,42.0,1.0,"Бишкек,Магистраль,Куттубаева/Южн.Магистраль",60000.0,5155200.0
673,3.0,102.57,12.0,"Бишкек,Магистраль,Б.Баатыра/А.Токомбаева",92313.0,7931533.0
674,3.0,125.0,11.0,"Бишкек,Политех,г.Бишкек,ул.Целинная21(районПолитех)",205000.0,17613600.0
675,1.0,50.0,12.0,"Бишкек,Магистраль,ул.Токомбаева/Куттубаева",62500.0,5370000.0
676,2.0,80.0,6.0,"Бишкек,5м-н,мкрн5",90900.0,7810128.0
677,1.0,35.0,2.0,"Бишкек,Магистраль,Байтик-Баатыра/А.Токомбаева",61000.0,5241120.0
678,1.0,33.0,5.0,"Бишкек,Старыйаэропорт,АжыбекБаатыра/ШотаРуставели",59400.0,5103648.0
679,3.0,58.0,5.0,"Бишкек,ЦУМ",82000.0,7045440.0
680,2.0,68.0,3.0,"Бишкек,МолодаяГвардия,ЖоомартаБоконбаева233/КалыкаАкиева",101257.0,8700000.0
681,1.0,45.4,14.0,"Бишкек,Магистраль,просп.Айтматова/ул.Масалиева",55000.0,4725600.0
682,1.0,41.0,14.0,"Бишкек,Магистраль,просп.ЧингизаАйтматова82/2/Масалиева",42500.0,3651600.0
683,2.0,58.0,7.0,"Бишкек,Магистраль,Байтик-Баатыра/А.Токомбаева",82000.0,7045440.0
684,1.0,44.0,7.0,"Бишкек,Магистраль,пр.Мира/Южнаямагистраль",66000.0,5670720.0
685,3.0,115.0,12.0,"Бишкек,Политех,АжибекБаатыр/Ахунбаева",98000.0,8420160.0
686,2.0,46.0,1.0,"Бишкек,ЖилгородокНицца,напротивмкрн.Асанбай",59000.0,5069280.0
687,1.0,45.39,14.0,"Бишкек,Магистраль,Байтик-Баатыра/А.Токомбаева",53500.0,4596720.0
688,1.0,48.0,16.0,"Бишкек,Магистраль,ул.Токомбаева/Куттубаева",36000.0,3093120.0
689,3.0,99.6,3.0,"Бишкек,12м-н,12мкр,ул.А.Токомбаева/СаякбайКаралаев",135000.0,11599200.0
690,3.0,93.0,7.0,"Бишкек,АУЦА",159000.0,13661280.0
691,4.0,81.8,4.0,"Бишкек,Тунгучм-н,анкара/чокмора",119990.0,10309541.0
692,3.0,121.0,5.0,"Бишкек,Магистраль,СухеБатора/ЮжнаяМагистраль",172000.0,14778240.0
693,4.0,145.0,3.0,"Бишкек,Магистраль",205000.0,17613600.0
694,2.0,70.0,6.0,"Бишкек,Магистраль,Ч.Айтматова/Масалиева",119000.0,10224480.0
695,3.0,152.0,13.0,"Бишкек,Горького-Алма-Атинская,Горького-7-апреля",220000.0,18902400.0
696,1.0,43.0,11.0,"Бишкек,АкКеме,Минжилкиева117",68000.0,5842560.0
697,3.0,120.0,1.0,"Бишкек,Магистраль,БайтикБаатыра(недалекоотЮжныхворот)",138000.0,11856960.0
698,3.0,132.0,13.0,"Бишкек,Магистраль,ул.Куттубаева,15",165000.0,14176800.0
699,4.0,120.0,8.0,"Бишкек,ТЭЦ",245000.0,21050400.0
700,2.0,78.0,15.0,"Бишкек,ВерхнийДжалм-н,Тыналиева",113100.0,9717552.0
701,2.0,103.0,8.0,"Бишкек,9м-н",108150.0,9292248.0
702,4.0,164.0,4.0,"Бишкек,5м-н",320000.0,27494400.0
703,4.0,164.0,4.0,"Бишкек,Кок-Жарж/м",320000.0,27494400.0
704,3.0,122.0,4.0,"Бишкек,Военторг,Токтогула/ТоголокМолдо",131760.0,11320819.0
705,2.0,80.0,5.0,"Бишкек,КНУ,жибекжолу/турусбекова",127000.0,10911840.0
706,3.0,87.0,2.0,"Бишкек,Кок-Жарж/м",140000.0,12028800.0
707,2.0,49.0,3.0,"Бишкек,Военторг,Исанова45",79000.0,6787680.0
708,2.0,44.0,8.0,"Бишкек,с.Кок-Джар,мкр.КокЖар",77000.0,6615840.0
709,4.0,157.0,10.0,"Бишкек,Кудайберген",164693.0,14150423.0
710,2.0,65.0,12.0,"Бишкек,Восток-5м-н",72000.0,6186240.0
711,3.0,144.0,8.0,"Бишкек,Магистраль,Магистраль/СухэБатора",115200.0,9897984.0
712,2.0,78.0,8.0,"Бишкек,Магистраль,СухеБатора/ЮжнаяМагистраль",111000.0,9537120.0
713,2.0,103.0,10.0,"Бишкек,Кара-Жыгачж/м,Кара-жыгач",113300.0,9734736.0
714,2.0,68.0,13.0,"Бишкек,Золотойквадрат/Боконбаева",74120.0,6368390.0
715,3.0,126.0,9.0,"Бишкек,Магистраль,ул.Токомбаева/Куттубаева",207900.0,17862768.0
716,1.0,45.0,15.0,"Бишкек,Мед.академия,Абая7А",50500.0,4338960.0
717,1.0,47.0,8.0,"Бишкек,Киргизия1ж/м",61500.0,5284080.0
718,3.0,152.0,3.0,"Бишкек,Магистраль,Байтик-Баатыра/А.Токомбаева",243200.0,20895744.0
719,2.0,57.0,9.0,"Бишкек,АзияМолл",117000.0,10052640.0
721,2.0,78.0,1.0,"Бишкек,Магистраль,пр.Ч.Айтматова82/2",140000.0,12028800.0
722,4.0,181.0,9.0,"Бишкек,Юбилейка",217200.0,18661824.0
723,2.0,103.0,8.0,"Бишкек,АУЦА,СухэБатора",103000.0,8849760.0
724,3.0,107.0,8.0,"Бишкек,Магистраль,Байтик-Баатыра/А.Токомбаева",112350.0,9653112.0
725,2.0,68.0,6.0,"Бишкек,Кок-Жарж/м,ул.7Апреля/Молдокулова",88000.0,7560960.0
726,2.0,73.0,4.0,"Бишкек,Восток-5м-н",69000.0,5928480.0
727,2.0,50.0,5.0,"Бишкек,Магистраль,Куттубаева/ЮжнаяМагистраль",62000.0,5327040.0
728,2.0,56.29,4.0,"Бишкек,Магистраль,СухэБатора/Токомбаева",69500.0,5971440.0
729,1.0,37.0,8.0,"Бишкек,Горького-Алма-Атинская,Горького-7-апреля6",53000.0,4553760.0
730,3.0,70.0,5.0,"Бишкек,Джал-23м-н(НижнийДжал)",93000.0,7990560.0
731,2.0,70.0,4.0,"Бишкек,Тунгучм-н6",93000.0,7990560.0
732,2.0,50.0,5.0,"Бишкек,Уланм-н",79000.0,6787680.0
733,3.0,105.0,10.0,"Бишкек,Золотойквадрат,Орозбекова/Чокморова",175000.0,15036000.0
734,3.0,100.0,10.0,"Бишкек,Джал15м-н,Ахунбаева/Тыналиева",127000.0,10911840.0
735,2.0,50.0,5.0,"Бишкек,Учкунж/м",69000.0,5928480.0
736,2.0,72.0,2.0,"Бишкек,Филармония",95000.0,8162400.0
737,2.0,72.0,2.0,"Бишкек,Магистраль,Байтик-Баатыра/А.Токомбаева",95000.0,8162400.0
738,2.0,46.0,5.0,"Бишкек,АкЭмиррынок,Московская/Шопокова,38",64000.0,5498880.0
739,4.0,145.0,5.0,"Бишкек,Магистраль,БайтикБаатыра(недалекоотЮжныхворот)5",220000.0,18902400.0
740,2.0,72.0,2.0,"Бишкек,СкверТоголокМолдо,Чуйкова",95000.0,8162400.0
741,2.0,72.0,2.0,"Бишкек,АЮGrand,ул.Анкар1/19",95000.0,8162400.0
742,2.0,46.0,5.0,"Бишкек,5м-н",64000.0,5498880.0
743,4.0,145.0,5.0,"Бишкек,СкверТоголокМолдо,Исанова/Чуйкова",220000.0,18902400.0
744,3.0,100.0,8.0,"Бишкек,Магистраль,Магистраль/СухэБатора",150000.0,12888000.0
745,2.0,98.0,6.0,"Бишкек,АЮGrand,ул.Анкар1/19",98600.0,8471712.0
746,4.0,158.0,8.0,"Бишкек,Магистраль,Малдыбаева279",237000.0,20363040.0
747,2.0,65.53,5.0,"Бишкек,ЦУМ,Киевская/Тыныстанова",79000.0,6787680.0
748,2.0,66.0,3.0,"Бишкек,Магистраль,А.Токомбаева/А.Куттубаева",83000.0,7131360.0
749,2.0,80.0,5.0,"Бишкек,Госрегистр,Л.Толстогоипр.ЧынгызаАйтматова",135000.0,11599200.0
750,3.0,90.0,8.0,"Бишкек,Госрегистр,пр.ЧингизаАйтматова4",118000.0,10138560.0
751,4.0,140.0,10.0,"Бишкек,с.Кок-Джар,мкр.КокЖар",250000.0,21480000.0
752,3.0,115.0,10.0,"Бишкек,Московская-Уметалиева",85100.0,7311792.0
753,2.0,86.0,10.0,"Бишкек,Магистраль,Байтик-Баатыра/А.Токомбаева",102000.0,8763840.0
754,3.0,124.0,8.0,"Бишкек,Моссовет",189000.0,16238880.0
755,1.0,52.0,13.0,"Бишкек,Киргизия-2м-н",39000.0,3350880.0
756,3.0,108.0,10.0,"Бишкек,Магистраль,Байтик-Баатыра/А.Токомбаева",150000.0,12888000.0
757,4.0,110.0,11.0,"Бишкек,с.Кок-Джар,мкр.КокЖар",121000.0,10396320.0
758,3.0,84.0,3.0,"Бишкек,Тунгучм-н",94500.0,8119440.0
759,1.0,47.5,7.0,"Бишкек,Магистраль,Байтик-Баатыра/А.Токомбаева",72000.0,6186240.0
760,4.0,123.0,7.0,"Бишкек,АУЦА,напротивмкрн.Асанбай",280000.0,24057600.0
761,4.0,122.0,11.0,"Бишкек,Госрегистр,Л.Толстогоипр.ЧынгызаАйтматова",185000.0,15895200.0
762,3.0,91.0,4.0,"Бишкек,Джал-29м-н,Джал-29,ул.Баха258Б",119500.0,10267440.0
763,2.0,67.0,3.0,"Бишкек,Советская-Скрябина,Абая/Ахунбаева",74800.0,6426816.0
764,3.0,80.0,8.0,"Бишкек,Магистраль,Байтик-Баатыра/А.Токомбаева",88000.0,7560960.0
765,1.0,45.0,9.0,"Бишкек,с.Кок-Джар,мкр.КокЖар",42500.0,3651600.0
766,1.0,48.0,2.0,"Бишкек,Магистраль",77500.0,6658800.0
767,1.0,48.0,3.0,"Бишкек,Юг-2м-н",77500.0,6658800.0
768,1.0,18.0,4.0,"Бишкек,ЖДвокзал,Орозбекова1",24800.0,2130816.0
769,4.0,126.0,2.0,"Бишкек,Магистраль,Байтик-Баатыра/А.Токомбаева",150000.0,12888000.0
770,3.0,96.0,13.0,"Бишкек,Военторг,МанасчыСагынбая168",75000.0,6444000.0
771,2.0,79.0,12.0,"Бишкек,Советская-Скрябина,Абая/Ахунбаева",96500.0,8291280.0
772,3.0,103.0,14.0,"Бишкек,Магистраль,Токомбаева/Куттубаева",97850.0,8407272.0
773,1.0,50.0,8.0,"Бишкек,Магистраль,АалыТокомбаева",64950.0,5580504.0
774,4.0,157.0,10.0,"Бишкек,Магистраль,Байтик-Баатыра/А.Токомбаева",164693.0,14150423.0
775,2.0,88.0,12.0,"Бишкек,Магистраль,Байтик-Баатыра/А.Токомбаева",77440.0,6653645.0
776,1.0,51.0,12.0,"Бишкек,АЮGrand,ул.Анкар1/19",61200.0,5258304.0
777,2.0,84.0,3.0,"Бишкек,Джал15м-н",91500.0,7861680.0
778,2.0,62.0,12.0,"Бишкек,Госрегистр,Л.Толстогоипр.ЧынгызаАйтматова",56000.0,4811520.0
779,4.0,188.0,4.0,"Бишкек,Магистраль,Байтик-Баатыра/А.Токомбаева",98000.0,8420160.0
780,2.0,56.26,11.0,"Бишкек,Магистраль,Байтик-Баатыра/А.Токомбаева",50634.0,4350473.0
781,2.0,100.0,11.0,"Бишкек,Джал-29м-н,КыркКыз/Гагарина",119000.0,10224480.0
782,1.0,42.0,1.0,"Иссык-Кульскаяобласть,с.Сары-Ой",60000.0,5155200.0
783,3.0,102.57,12.0,"Бишкек,Магистраль,БайтикБаатыра(недалекоотЮжныхворот)",92313.0,7931533.0
784,3.0,125.0,11.0,"Бишкек,12м-н",205000.0,17613600.0
785,1.0,50.0,12.0,"Бишкек,12м-н,Куттубаева/Магистраль",62500.0,5370000.0
786,2.0,80.0,6.0,"Бишкек,Магистраль,Куттубаева/Южн.Магистраль",90900.0,7810128.0
787,1.0,35.0,2.0,"Бишкек,Вечерка,Шопокова31/1/Боконбаева",61000.0,5241120.0
788,1.0,33.0,5.0,"Бишкек,ЦУМ,Киевская/Тыныстанова",59400.0,5103648.0
789,3.0,58.0,5.0,"Бишкек,с.Новопавловка",82000.0,7045440.0
790,2.0,56.26,11.0,"Бишкек,Киргизия1ж/м",50634.0,4350473.0
791,2.0,100.0,11.0,"Бишкек,Магистраль,СухеБатора/ЮжнаяМагистраль",119000.0,10224480.0
792,1.0,42.0,1.0,"Бишкек,Магистраль,БайтикБаатыра(недалекоотЮжныхворот)",60000.0,5155200.0
793,3.0,102.57,12.0,"Бишкек,Центральнаямечеть,Чуйкова20а",92313.0,7931533.0
794,3.0,125.0,11.0,"Бишкек,Магистраль,Байтик-Баатыра/А.Токомбаева",205000.0,17613600.0
795,1.0,50.0,12.0,"Бишкек,5м-н",62500.0,5370000.0
796,2.0,80.0,6.0,"Бишкек,Госрегистр,пр.ЧингизаАйтматова4",90900.0,7810128.0
797,1.0,35.0,2.0,"Бишкек,Городокстроителей",61000.0,5241120.0
798,1.0,33.0,5.0,"Бишкек,Баха,Репина198б",59400.0,5103648.0
799,3.0,58.0,5.0,"Бишкек,Магистраль,Байтик-Баатыра/А.Токомбаева",82000.0,7045440.0
800,2.0,68.0,3.0,"Бишкек,Московская-Уметалиева,Московская191/Шевченко,27/1",101257.0,8700000.0
801,1.0,45.4,14.0,"Бишкек,АУЦА,Токомбаева17/3",55000.0,4725600.0
802,1.0,41.0,14.0,"Бишкек,Магистраль,Куттубаева/ЮжнаяМагистраль",42500.0,3651600.0
803,2.0,58.0,7.0,"Бишкек,БГУ,ШотаРуставели42",82000.0,7045440.0
804,1.0,44.0,7.0,"Бишкек,Джальскаябольница,Ахунбаева186",66000.0,5670720.0
805,3.0,115.0,12.0,"Бишкек,Магистраль,просп.Айтматова/ул.Масалиева",98000.0,8420160.0
806,2.0,46.0,1.0,"Бишкек,Асанбайм-н,Сухэ-Батора/Токомбаева",59000.0,5069280.0
807,1.0,45.39,14.0,"Бишкек,Магистраль,Байтик-Баатыра/А.Токомбаева",53500.0,4596720.0
808,1.0,48.0,16.0,"Бишкек,Магистраль,СухеБатора/ЮжнаяМагистраль",36000.0,3093120.0
809,3.0,99.6,3.0,"Бишкек,Политех",135000.0,11599200.0
810,3.0,93.0,7.0,"Бишкек,Юг-2м-н",159000.0,13661280.0
811,4.0,81.8,4.0,"с.Ленинское,Ленинское",119990.0,10309541.0
812,3.0,121.0,5.0,"Бишкек,с.Селекционное,Муромская29/Кипкалова",172000.0,14778240.0
813,4.0,145.0,3.0,"Бишкек,Магистраль,Байтик-Баатыра/А.Токомбаева",205000.0,17613600.0
814,2.0,70.0,6.0,"Бишкек,Магистраль,Байтик-Баатыра/А.Токомбаева",119000.0,10224480.0
815,3.0,152.0,13.0,"Иссык-Кульскаяобласть,с.Чон-Сары-Ой",220000.0,18902400.0
816,1.0,43.0,11.0,"Бишкек,Горького-Алма-Атинская,Горького-7-апреля",68000.0,5842560.0
817,3.0,120.0,1.0,"Бишкек,12м-н",138000.0,11856960.0
818,3.0,132.0,13.0,"Бишкек,Магистраль,Байтик-Баатыра/А.Токомбаева",165000.0,14176800.0
819,4.0,120.0,8.0,"Бишкек,Асанбайм-н,Токомбаева/Куттубаева",245000.0,21050400.0
820,2.0,78.0,15.0,"Бишкек,Магистраль,просп.ЧингизаАйтматова82/2/Масалиева",113100.0,9717552.0
821,2.0,103.0,8.0,"Бишкек,Арча-Бешикж/м,ул.Баха/ЮжнаяМагистраль",108150.0,9292248.0
822,4.0,164.0,4.0,"Бишкек,Военторг,МанасчыСагынбая168",320000.0,27494400.0
823,4.0,164.0,4.0,"Бишкек,5м-н,Каралаева(Набережная)",320000.0,27494400.0
824,3.0,122.0,4.0,"Бишкек,Ипподром,Л.Толстого126",131760.0,11320819.0
825,2.0,80.0,5.0,"Бишкек,АзияМолл",127000.0,10911840.0
826,3.0,87.0,2.0,"Бишкек,VEFA,Кулатова/Элебаева",140000.0,12028800.0
827,2.0,49.0,3.0,"Бишкек,Военторг,МанасчыСагынбая168",79000.0,6787680.0
828,2.0,44.0,8.0,"Бишкек,Ипподром,Л.Толстого126",77000.0,6615840.0
829,4.0,157.0,10.0,"Бишкек,Магистраль,просп.Айтматова/ул.Масалиева",164693.0,14150423.0
830,2.0,65.0,12.0,"Бишкек,VEFA,Кулатова/Элебаева",72000.0,6186240.0
831,3.0,144.0,8.0,"Бишкек,Военторг,МанасчыСагынбая168",115200.0,9897984.0
832,2.0,78.0,8.0,"Бишкек,Ипподром,Л.Толстого126",111000.0,9537120.0
833,2.0,103.0,10.0,"Бишкек,Магистраль,просп.Айтматова/ул.Масалиева",113300.0,9734736.0
834,2.0,68.0,13.0,"Бишкек,5м-н,Каралаева(Набережная)",74120.0,6368390.0
835,3.0,126.0,9.0,"Бишкек,9м-н",207900.0,17862768.0
836,1.0,45.0,15.0,"Бишкек,Ипподром,Л.Толстого126",50500.0,4338960.0
837,1.0,47.0,8.0,"Бишкек,Центральнаямечеть",61500.0,5284080.0
838,3.0,152.0,3.0,"Бишкек,Джальскаябольница,Ахунбаева/Тыналиева",243200.0,20895744.0
839,2.0,57.0,9.0,"Бишкек,БГУ",117000.0,10052640.0
841,2.0,78.0,1.0,"Бишкек,Старыйаэропорт",140000.0,12028800.0
842,4.0,181.0,9.0,"Бишкек,Магистраль,БайтикБаатыра/Токомбаева",217200.0,18661824.0
843,2.0,103.0,8.0,"Бишкек,АкадемияНаук,Турусбекова88/2/Пушкина",103000.0,8849760.0
844,3.0,107.0,8.0,"Бишкек,МахатмаГанди-БЧК,ВАСИЛЬЕВА/МГАНДИ",112350.0,9653112.0
845,2.0,68.0,6.0,"Бишкек,Магистраль,Токомбаева",88000.0,7560960.0
846,2.0,73.0,4.0,"Бишкек,Магистраль,СухеБатора/ЮжнаяМагистраль",69000.0,5928480.0
847,2.0,50.0,5.0,"Бишкек,Кок-Жарж/м,ул.7Апреля/Молдокулова",62000.0,5327040.0
848,2.0,56.29,4.0,"Бишкек,Пишпекж/м,Репина/М.Алыбаева",69500.0,5971440.0
849,1.0,37.0,8.0,"Бишкек,Магистраль,ул.Токомбаева/Куттубаева",53000.0,4553760.0
850,3.0,70.0,5.0,"Бишкек,Магистраль,ул.Куттубаева,15",93000.0,7990560.0
851,2.0,70.0,4.0,"Бишкек,12м-н,12микрорайон(заМечетью)",93000.0,7990560.0
852,2.0,50.0,5.0,"Бишкек,Джальскаябольница,Ахунбаева-Тыналиева",79000.0,6787680.0
853,3.0,105.0,10.0,"Бишкек,Душанбинка,Жаманбаева8/2/Душанбинская",175000.0,15036000.0
854,3.0,100.0,10.0,"Бишкек,Магистраль,Байтик-Баатыра/А.Токомбаева",127000.0,10911840.0
855,2.0,50.0,5.0,"Бишкек,СкверТоголокМолдо,Чуйкова134",69000.0,5928480.0
856,2.0,72.0,2.0,"Бишкек,с.Кок-Джар,мкр.КокЖар",95000.0,8162400.0
857,2.0,72.0,2.0,"Бишкек,Магистраль,ул.Куттубаева,15",95000.0,8162400.0
858,2.0,46.0,5.0,"Бишкек,Магистраль,ул.Токомбаева/Куттубаева",64000.0,5498880.0
859,4.0,145.0,5.0,"Бишкек,Джал15м-н",220000.0,18902400.0
860,2.0,72.0,2.0,"Бишкек,7м-н,ЖукееваПудовкина",95000.0,8162400.0
861,2.0,72.0,2.0,"Бишкек,Магистраль,БайтикБаатыра1А/Юж.Магистраль",95000.0,8162400.0
862,2.0,46.0,5.0,"Бишкек,Магистраль,БайтикБаатыра1А/Юж.Магистраль",64000.0,5498880.0
863,4.0,145.0,5.0,"Бишкек,с.Кок-Джар,мкр.КокЖар",220000.0,18902400.0
864,3.0,100.0,8.0,"Бишкек,Магистраль,Куттубаева/Южн.Магистраль",150000.0,12888000.0
865,2.0,98.0,6.0,"Бишкек,Аламединскийрынок",98600.0,8471712.0
866,4.0,158.0,8.0,"Бишкек,Тунгучм-н",237000.0,20363040.0
867,2.0,65.53,5.0,"Бишкек,Филармония,токтогула/уметалиева",79000.0,6787680.0
868,2.0,66.0,3.0,"Бишкек,ТЭЦ",83000.0,7131360.0
869,2.0,80.0,5.0,"Бишкек,АУЦА,Куттубаева/Токомбаева",135000.0,11599200.0
870,3.0,90.0,8.0,"Бишкек,ПаркАтатюрк",118000.0,10138560.0
871,4.0,140.0,10.0,"Бишкек,Алматинка-Магистраль,12мкр,ул.А.Токомбаева/СаякбайКаралаев",250000.0,21480000.0
872,3.0,115.0,10.0,"Бишкек,ВерхнийДжалм-н",85100.0,7311792.0
873,2.0,86.0,10.0,"Бишкек,11м-н",102000.0,8763840.0
874,3.0,124.0,8.0,"Бишкек,Баха,Джал,ул.Курчатова81",189000.0,16238880.0
875,1.0,52.0,13.0,"Бишкек,СкверТоголокМолдо,Т.МОЛДО/МОСКОВСКАЯ",39000.0,3350880.0
876,3.0,108.0,10.0,"Бишкек,Магистраль,Куттубаева/ЮжнаяМагистраль",150000.0,12888000.0
877,4.0,110.0,11.0,"Бишкек,ТашРабат",121000.0,10396320.0
878,3.0,84.0,3.0,"Бишкек,Асанбайм-н,Токомбаева/Куттубаева",94500.0,8119440.0
879,1.0,47.5,7.0,"Бишкек,РабочийГородок,ТОЛСТОГО",72000.0,6186240.0
880,4.0,123.0,7.0,"Бишкек,8м-н,Жукеева-Пудовкина87/2",280000.0,24057600.0
881,4.0,122.0,11.0,"Бишкек,Магистраль,Куттубаева/ЮжнаяМагистраль",185000.0,15895200.0
882,3.0,91.0,4.0,"Бишкек,Магистраль",119500.0,10267440.0
883,2.0,67.0,3.0,"Бишкек,Магистраль,Куттубаева/Южн.Магистраль",74800.0,6426816.0
884,3.0,80.0,8.0,"Бишкек,9м-н",88000.0,7560960.0
885,1.0,45.0,9.0,"Бишкек,АкадемияНаук",42500.0,3651600.0
886,1.0,48.0,2.0,"Бишкек,Асанбайм-н,Токомбаева/Куттубаева",77500.0,6658800.0
887,1.0,48.0,3.0,"Бишкек,Шлагбаум,Джунусалиева/АжыбекБаатыра",77500.0,6658800.0
888,1.0,18.0,4.0,"Бишкек,Аламедин-1м-н",24800.0,2130816.0
889,4.0,126.0,2.0,"Бишкек,Городокэнергетиков",150000.0,12888000.0
890,3.0,96.0,13.0,"Бишкек,Магистраль,Байтик-Баатыра/А.Токомбаева",75000.0,6444000.0
891,2.0,79.0,12.0,"Бишкек,Магистраль,пр.Ч.Айтматова",96500.0,8291280.0
892,3.0,103.0,14.0,"Бишкек,Джальскаябольница,Ахунбаева186",97850.0,8407272.0
893,1.0,50.0,8.0,"Бишкек,Магистраль,Куттубаева/ЮжнаяМагистраль",64950.0,5580504.0
894,4.0,157.0,10.0,"Бишкек,Магистраль",164693.0,14150423.0
895,2.0,88.0,12.0,"Бишкек,Городокэнергетиков,Салиева/Ауэзова",77440.0,6653645.0
896,1.0,51.0,12.0,"Бишкек,Магистраль,ул.Токомбаева/Куттубаева",61200.0,5258304.0
897,2.0,84.0,3.0,"Бишкек,Магистраль,Куттубаева/ЮжнаяМагистраль",91500.0,7861680.0
898,2.0,62.0,12.0,"Бишкек,Военторг,ТоголокМолдо5",56000.0,4811520.0
899,4.0,188.0,4.0,"Бишкек,Матросова,Суванбердиева110",98000.0,8420160.0
900,4.0,157.0,10.0,"Бишкек,VEFA,Кулатова14/Элебаева",157342.0,13518825.0
901,2.0,48.0,2.0,"Бишкек,СреднийДжалм-н",88000.0,7560960.0
902,3.0,72.0,3.0,"Бишкек,Горького-Алма-Атинская,Горького-7-апреля",88000.0,7560960.0
903,3.0,62.0,9.0,"Бишкек,Арча-Бешикж/м,ул.Баха/ЮжнаяМагистраль",80000.0,6873600.0
904,3.0,130.0,11.0,"Бишкек,СреднийДжалм-н",214500.0,18429840.0
905,1.0,32.0,1.0,"Бишкек,ДенСяопина-Фучика,Фучика38/2/Рыскулова",52000.0,4467840.0
906,2.0,64.0,8.0,"Бишкек,ПаркПанфилова/Спартак,Фрунзе",74500.0,6401040.0
907,1.0,44.7,11.0,"Бишкек,Горького-Алма-Атинская,Горького-7-апреля",44000.0,3780480.0
908,3.0,90.0,11.0,"Бишкек,VEFA,радищева7/горького",134000.0,11513280.0
909,1.0,49.0,10.0,"Бишкек,Баха",93000.0,7990560.0
910,2.0,56.26,11.0,"Бишкек,Старыйаэропорт,АжыбекБаатыра/ШотаРуставели",50634.0,4350473.0
911,2.0,100.0,11.0,"Бишкек,Советская-Скрябина,Абая/Ахунбаева",119000.0,10224480.0
912,1.0,42.0,1.0,"Бишкек,Кок-Жарж/м,мкр.КокЖар",60000.0,5155200.0
913,3.0,102.57,12.0,"Бишкек,Пишпекж/м",92313.0,7931533.0
914,3.0,125.0,11.0,"Бишкек,Магистраль,Сухэ-Батора/Токомбаева",205000.0,17613600.0
915,1.0,50.0,12.0,"Бишкек,Советская-Скрябина,Медерова44/2/Жукеева-Пудовкина",62500.0,5370000.0
916,2.0,80.0,6.0,"Бишкек,Магистраль,СухэБатораиТокомбаева",90900.0,7810128.0
917,1.0,35.0,2.0,"Бишкек,Магистраль,Байтик-Баатыра/А.Токомбаева",61000.0,5241120.0
918,1.0,33.0,5.0,"Бишкек,Магистраль,СухеБатора/ЮжнаяМагистраль",59400.0,5103648.0
919,3.0,58.0,5.0,"Бишкек,Баха,Джал,ул.Курчатова81",82000.0,7045440.0
920,2.0,56.26,11.0,"Бишкек,Восток-5м-н",50634.0,4350473.0
921,2.0,100.0,11.0,"Бишкек,Магистраль,БайтикБаатыра/Токомбаева",119000.0,10224480.0
922,1.0,42.0,1.0,"Бишкек,Магистраль,СухеБатора/ЮжнаяМагистраль",60000.0,5155200.0
923,3.0,102.57,12.0,"Бишкек,Асанбайм-н,Токомбаева/Куттубаева",92313.0,7931533.0
924,3.0,125.0,11.0,"Бишкек,МолодаяГвардия,Фрунзе/бул.МолодойГвардии",205000.0,17613600.0
925,1.0,50.0,12.0,"Бишкек,Восток-5м-н",62500.0,5370000.0
926,2.0,80.0,6.0,"Бишкек,Московская-Уметалиева,Боконбаева-Уметалиева8",90900.0,7810128.0
927,1.0,35.0,2.0,"Бишкек,с.Кок-Джар,с.Кок-Жар,ул.КонурОсмона",61000.0,5241120.0
928,1.0,33.0,5.0,"Бишкек,Магистраль,Байтик-Баатыра/А.Токомбаева",59400.0,5103648.0
929,3.0,58.0,5.0,"Бишкек,Кок-Жарж/м,Куйручук",82000.0,7045440.0
930,2.0,68.0,3.0,"Бишкек,Дворецспорта,Абдумомунова244",101257.0,8700000.0
931,1.0,45.4,14.0,"Бишкек,Арча-Бешикж/м,Баха/ЮжнаяМагистраль",55000.0,4725600.0
932,1.0,41.0,14.0,"Бишкек,АУЦА",42500.0,3651600.0
933,2.0,58.0,7.0,"Бишкек,Магистраль,ул.Куттубаева,15",82000.0,7045440.0
934,1.0,44.0,7.0,"Бишкек,Горького-Алма-Атинская,Горького-7-апреля",66000.0,5670720.0
935,3.0,115.0,12.0,"Бишкек,Магистраль,СухеБатора/ЮжнаяМагистраль",98000.0,8420160.0
936,2.0,46.0,1.0,"Бишкек,Магистраль,ул.Токомбаева/Куттубаева",59000.0,5069280.0
937,1.0,45.39,14.0,"Бишкек,9м-н",53500.0,4596720.0
938,1.0,48.0,16.0,"Бишкек,Магистраль,Токомбаева27/4,27/5",36000.0,3093120.0
939,3.0,99.6,3.0,"Бишкек,Джальскаябольница,Тыналиева2/22",135000.0,11599200.0
940,3.0,93.0,7.0,"Бишкек,7м-н",159000.0,13661280.0
941,4.0,81.8,4.0,"Бишкек,Моссовет,Ибраимова57/Московской",119990.0,10309541.0
942,3.0,121.0,5.0,"Бишкек,Магистраль,Байтик-Баатыра/А.Токомбаева",172000.0,14778240.0
943,4.0,145.0,3.0,"Бишкек,12м-н",205000.0,17613600.0
944,2.0,70.0,6.0,"Бишкек,Асанбайм-н,Куттубаева/Токомбаева",119000.0,10224480.0
945,3.0,152.0,13.0,"Бишкек,Политех,г.Бишкек,ул.Целинная21(районПолитех)",220000.0,18902400.0
946,1.0,43.0,11.0,"Бишкек,Джал-23м-н(НижнийДжал)",68000.0,5842560.0
947,3.0,120.0,1.0,"Бишкек,Магистраль,пр.Ч.Айтматова82/2",138000.0,11856960.0
948,3.0,132.0,13.0,"Бишкек,Магистраль,Куттубаева/Южн.Магистраль",165000.0,14176800.0
949,4.0,120.0,8.0,"Бишкек,Политех,Ахунбаева/ШотаРуставели",245000.0,21050400.0
950,2.0,78.0,15.0,"Бишкек,Асанбайм-н",113100.0,9717552.0
951,2.0,103.0,8.0,"Бишкек,Магистраль,Байтик-Баатыра/А.Токомбаева",108150.0,9292248.0
952,4.0,164.0,4.0,"Бишкек,Улан-2м-н,мкрУлан-2",320000.0,27494400.0
953,4.0,164.0,4.0,"Бишкек,Магистраль,Куттубаева/ЮжнаяМагистраль",320000.0,27494400.0
954,3.0,122.0,4.0,"Бишкек,Магистраль,Байтик-Баатыра/А.Токомбаева",131760.0,11320819.0
955,2.0,80.0,5.0,"Бишкек,Джальскаябольница,ул.Айни95",127000.0,10911840.0
956,3.0,87.0,2.0,"Иссык-Кульскаяобласть,с.Корумду(Иссык-Кульскийр-н)",140000.0,12028800.0
957,2.0,49.0,3.0,"Бишкек,Ак-Оргож/м,Ашар39/Ахунбаева",79000.0,6787680.0
958,2.0,44.0,8.0,"Бишкек,Магистраль,Б.Баатыра/А.Токомбаева",77000.0,6615840.0
959,4.0,157.0,10.0,"Бишкек,Магистраль,Байтик-Баатыра/А.Токомбаева",164693.0,14150423.0
960,2.0,65.0,12.0,"Бишкек,Советская-Скрябина,Абая/Ахунбаева",72000.0,6186240.0
961,3.0,144.0,8.0,"Бишкек,Советская-Скрябина,Абая/Ахунбаева",115200.0,9897984.0
962,2.0,78.0,8.0,"Бишкек,Магистраль",111000.0,9537120.0
963,2.0,103.0,10.0,"Бишкек,Магистраль,Куттубаева/Южн.Магистраль",113300.0,9734736.0
964,2.0,68.0,13.0,"Бишкек,АЮGrand,ул.Анкар1/19",74120.0,6368390.0
965,3.0,126.0,9.0,"Бишкек,Кок-Жарж/м,алмаатинка/магистраль",207900.0,17862768.0
966,1.0,45.0,15.0,"Бишкек,Магистраль,пр.Ч.Айтматова",50500.0,4338960.0
967,1.0,47.0,8.0,"Бишкек,Советская-Скрябина,Абая/Ахунбаева",61500.0,5284080.0
968,3.0,152.0,3.0,"Иссык-Кульскаяобласть,с.Корумду(Иссык-Кульскийр-н)",243200.0,20895744.0
969,2.0,57.0,9.0,"Бишкек,Горького-Алма-Атинская,Горького1Б/1",117000.0,10052640.0
971,2.0,78.0,1.0,"Бишкек,Магистраль,Токомбаева-Сухэ-батора",140000.0,12028800.0
972,4.0,181.0,9.0,"Бишкек,Асанбайм-н2",217200.0,18661824.0
973,2.0,103.0,8.0,"Бишкек,7м-н",103000.0,8849760.0
974,3.0,107.0,8.0,"Бишкек,8м-н",112350.0,9653112.0
975,2.0,68.0,6.0,"Бишкек,Магистраль,пр.Ч.Айтматова",88000.0,7560960.0
976,2.0,73.0,4.0,"Бишкек,9м-н",69000.0,5928480.0
977,2.0,50.0,5.0,"Бишкек,Магистраль,пр.Ч.Айтматова",62000.0,5327040.0
978,2.0,56.29,4.0,"Бишкек,Космос",69500.0,5971440.0
979,1.0,37.0,8.0,"Бишкек,Мед.академия,Абая7а/1",53000.0,4553760.0
980,3.0,70.0,5.0,"Бишкек,АЮGrand,ул.Анкар1/19",93000.0,7990560.0
981,2.0,70.0,4.0,"Бишкек,Магистраль,Куттубаева/ЮжнаяМагистраль",93000.0,7990560.0
982,2.0,50.0,5.0,"Бишкек,с.Селекционное,Достук8а",79000.0,6787680.0
983,3.0,105.0,10.0,"Бишкек,АЮGrand,ул.Анкара1/31",175000.0,15036000.0
984,3.0,100.0,10.0,"Бишкек,Магистраль,Куттубаева/Южн.Магистраль",127000.0,10911840.0
985,2.0,50.0,5.0,"Бишкек,Магистраль",69000.0,5928480.0
986,2.0,72.0,2.0,"Бишкек,VEFA,Кулатова/Элебаева",95000.0,8162400.0
987,2.0,72.0,2.0,"Бишкек,с.Селекционное,Муромская29/Кипкалова",95000.0,8162400.0
988,2.0,46.0,5.0,"Бишкек,АЮGrand,ул.Анкар1/19",64000.0,5498880.0
989,4.0,145.0,5.0,"Бишкек,АЮGrand,ул.Анкар1/19",220000.0,18902400.0
990,2.0,72.0,2.0,"Бишкек,Джал-29м-н,Садырбаева258а",95000.0,8162400.0
991,2.0,72.0,2.0,"Бишкек,Магистраль,Куттубаева/Южн.Магистраль",95000.0,8162400.0
992,2.0,46.0,5.0,"Бишкек,Магистраль,Куттубаева/ЮжнаяМагистраль",64000.0,5498880.0
993,4.0,145.0,5.0,"Бишкек,Магистраль,Куттубаева/ЮжнаяМагистраль",220000.0,18902400.0
994,3.0,100.0,8.0,"Бишкек,Магистраль,Байтик-Баатыра/А.Токомбаева",150000.0,12888000.0
995,2.0,98.0,6.0,"Бишкек,ДенСяопина-Фучика,Кенсуйская17/1",98600.0,8471712.0
996,4.0,158.0,8.0,"Бишкек,Магистраль,ул.Куттубаева,15",237000.0,20363040.0
997,2.0,65.53,5.0,"Бишкек,Магистраль,Куттубаева/Южн.Магистраль",79000.0,6787680.0
998,2.0,66.0,3.0,"Бишкек,Магистраль,Байтик-Баатыра/А.Токомбаева",83000.0,7131360.0
999,2.0,80.0,5.0,"Бишкек,Тунгучм-н,мкр.Тунгуч,Анкара",135000.0,11599200.0
